Type,Days for shipping (real),Days for shipment (scheduled),Benefit per order,Sales per customer,Delivery Status,Late_delivery_risk,Category Name,Customer City,Customer Country,Customer Id,Customer Lname,Customer State,Customer Zipcode,order date (DateOrders),Order City,Order Country,Order Id,Order Item Discount,Order Item Discount Rate,Order Item Id,Order Item Product Price,Order Item Quantity,Sales,Order Item Total,Product Name,shipping date (DateOrders),Shipping Mode,Product Weight,Weight Unit
PAYMENT,5,2,80.33999634,167.3699951,Late delivery,1,Cleats,Caguas,Puerto Rico,5007,Smith,PR,725,4/25/2015 1:14,Cabimas,Venezuela,7814,12.60000038,0.07,19544,59.99000168,3,179.9700012,167.3699951,Perfect Fitness Perfect Rip Deck,4/30/2015 1:14,Second Class,1,kg
PAYMENT,5,2,-26.69000053,163.7700043,Late delivery,1,Cleats,Caguas,Puerto Rico,5007,Smith,PR,725,4/25/2015 1:14,Cabimas,Venezuela,7814,16.20000076,0.090000004,19542,59.99000168,3,179.9700012,163.7700043,Perfect Fitness Perfect Rip Deck,4/30/2015 1:14,Second Class,1,kg
TRANSFER,5,4,-155.8999939,283.4500122,Late delivery,1,Cleats,Caguas,Puerto Rico,1473,Young,PR,725,01/06/2015 19:26,Córdoba,México,399,16.5,0.059999999,989,59.99000168,5,299.9500122,283.4500122,Perfect Fitness Perfect Rip Deck,01/11/2015 19:26,Standard Class,1,kg
DEBIT,3,2,129.7400055,370.6700134,Late delivery,1,Cameras ,Caguas,Puerto Rico,13080,Duffy,PR,725,10/11/2017 22:03,Messina,Italia,69527,81.37000275,0.180000007,172842,452.0400085,1,452.0400085,370.6700134,Web Camera,10/14/2017 22:03,Second Class,1,kg
TRANSFER,2,4,207.4799957,414.9599915,Advance shipping,0,Cardio Equipment,Caguas,Puerto Rico,5243,Smith,PR,725,12/15/2015 15:58,Antipolo,Filipinas,23886,84.98999786,0.170000002,59793,99.98999786,5,499.9500122,414.9599915,Nike Men's Free 5.0+ Running Shoe,12/17/2015 15:58,Standard Class,1,kg
TRANSFER,6,4,82.98999786,331.9700012,Late delivery,1,Cardio Equipment,New York,EE. UU.,3497,Smith,NY,10016,10/10/2016 11:42,Khouribga,Marruecos,44425,67.98999786,0.170000002,110912,99.98999786,4,399.9599915,331.9700012,Nike Men's Free 5.0+ Running Shoe,10/16/2016 11:42,Standard Class,1,kg
DEBIT,4,4,-149.8500061,113.0899963,Shipping on time,0,Men's Footwear,Salina,EE. UU.,10790,Smith,KS,67401,3/23/2016 12:30,Waitakere,Nueva Zelanda,30658,16.89999962,0.129999995,76585,129.9900055,1,129.9900055,113.0899963,Nike Men's CJ Elite 2 TD Football Cleat,3/27/2016 12:30,Standard Class,1,kg
DEBIT,4,4,122.9800034,299.9500122,Shipping on time,0,Cleats,Tempe,EE. UU.,5246,Smith,AZ,85281,8/25/2015 17:32,Marbella,España,16218,0,0,40487,59.99000168,5,299.9500122,299.9500122,Perfect Fitness Perfect Rip Deck,8/29/2015 17:32,Standard Class,1,kg
DEBIT,4,4,83.15000153,296.9500122,Shipping on time,0,Cleats,Tempe,EE. UU.,5246,Smith,AZ,85281,8/25/2015 17:32,Marbella,España,16218,3,0.01,40486,59.99000168,5,299.9500122,296.9500122,Perfect Fitness Perfect Rip Deck,8/29/2015 17:32,Standard Class,1,kg
DEBIT,5,4,86.12000275,260.9599915,Late delivery,1,Cleats,Baldwin Park,EE. UU.,8674,Rhodes,CA,91706,8/14/2015 15:37,Huelva,España,15459,38.99000168,0.129999995,38631,59.99000168,5,299.9500122,260.9599915,Perfect Fitness Perfect Rip Deck,8/19/2015 15:37,Standard Class,1,kg
PAYMENT,3,2,-640.2000122,309.7200012,Late delivery,1,Sporting Goods,Brooklyn,EE. UU.,16660,Oneil,NY,11236,12/03/2017 4:17,Surabaya,Indonesia,73107,18.03000069,0.059999999,176422,327.75,1,327.75,309.7200012,Smart watch ,12/06/2017 4:17,Second Class,1,kg
PAYMENT,2,4,74.72000122,393.269989,Advance shipping,0,Cameras ,Caguas,Puerto Rico,13264,King,PR,725,10/14/2017 14:31,Utrecht,Países Bajos,69711,58.77000046,0.129999995,173026,452.0400085,1,452.0400085,393.269989,Web Camera,10/16/2017 14:31,Standard Class,1,kg
PAYMENT,6,4,122.75,438.4100037,Late delivery,1,Crafts,Caguas,Puerto Rico,14748,,PR,725,11/05/2017 6:25,Aschaffenburg,Alemania,71195,23.0699997,0.050000001,174510,461.480011,1,461.480011,438.4100037,Porcelain crafts,11/11/2017 6:25,Standard Class,1,kg
TRANSFER,6,4,33.08000183,189,Late delivery,1,Women's Apparel,Tallahassee,EE. UU.,12280,Smith,FL,32308,8/20/2017 22:07,Toulouse,Francia,65965,11,0.059999999,164857,50,4,200,189,Nike Men's Dri-FIT Victory Golf Polo,8/26/2017 22:07,Standard Class,1,kg
TRANSFER,5,4,32.40000153,180,Late delivery,1,Women's Apparel,New Bedford,EE. UU.,9821,Smith,MA,2740,8/31/2017 4:46,Derby,Reino Unido,66669,20,0.100000001,166649,50,4,200,180,Nike Men's Dri-FIT Victory Golf Polo,09/05/2017 4:46,Standard Class,1,kg
TRANSFER,2,4,6.170000076,97.94999695,Advance shipping,0,Golf Balls,Caguas,Puerto Rico,7200,Smith,PR,725,12/19/2015 21:34,Guwahati,India,24176,2,0.02,60483,19.98999977,5,99.94999695,97.94999695,Glove It Women's Mod Oval Golf Glove,12/21/2015 21:34,Standard Class,1,kg
TRANSFER,3,4,8.550000191,85.44999695,Advance shipping,0,Golf Balls,Caguas,Puerto Rico,7045,Smith,PR,725,04/11/2016 11:36,Arlington,Estados Unidos,31957,4.5,0.050000001,79882,17.98999977,5,89.94999695,85.44999695,Hirzl Women's Soffft Flex Golf Glove,4/14/2016 11:36,Standard Class,1,kg
CASH,2,1,61.09999847,129.9900055,Late delivery,1,Men's Footwear,Caguas,Puerto Rico,1001,Thomas,PR,725,9/23/2015 1:54,Turin,Italia,18160,0,0,45391,129.9900055,1,129.9900055,129.9900055,Nike Men's CJ Elite 2 TD Football Cleat,9/25/2015 1:54,First Class,1,kg
CASH,2,1,29.60000038,128.6900024,Late delivery,1,Men's Footwear,Caguas,Puerto Rico,1001,Thomas,PR,725,9/23/2015 1:54,Turin,Italia,18160,1.299999952,0.01,45387,129.9900055,1,129.9900055,128.6900024,Nike Men's CJ Elite 2 TD Football Cleat,9/25/2015 1:54,First Class,1,kg
DEBIT,2,4,37.34999847,110.4899979,Advance shipping,0,Men's Footwear,Aurora,EE. UU.,10291,Smith,CO,80013,12/31/2015 10:21,Taiping,Malasia,24966,19.5,0.150000006,62544,129.9900055,1,129.9900055,110.4899979,Nike Men's CJ Elite 2 TD Football Cleat,01/02/2016 10:21,Standard Class,1,kg
DEBIT,3,4,33.90000153,299.9599915,Advance shipping,0,Children's Clothing,Los Angeles,EE. UU.,18020,Woodard,CA,90002,12/23/2017 0:45,Manila,Filipinas,74467,57.13999939,0.159999996,177782,357.1000061,1,357.1000061,299.9599915,Children's heaters,12/26/2017 0:45,Standard Class,1,kg
DEBIT,4,4,-9.960000038,33.18999863,Shipping on time,0,Shop By Sport,Salina,EE. UU.,10790,Smith,KS,67401,3/23/2016 12:30,Waitakere,Nueva Zelanda,30658,6.800000191,0.170000002,76586,39.99000168,1,39.99000168,33.18999863,Under Armour Girls' Toddler Spine Surge Runni,3/27/2016 12:30,Standard Class,1,kg
TRANSFER,4,4,15.27000046,101.8199997,Shipping on time,0,Fitness Accessories,New Orleans,EE. UU.,8508,Smith,LA,70117,9/24/2015 12:14,Le Plessis-Robinson,Francia,18258,3.150000095,0.029999999,45630,34.99000168,3,104.9700012,101.8199997,Under Armour Hustle Storm Medium Duffle Bag,9/28/2015 12:14,Standard Class,1,kg
PAYMENT,5,4,35.31000137,126.0899963,Late delivery,1,Men's Footwear,Caguas,Puerto Rico,3570,Nelson,PR,725,06/04/2017 21:42,San Cristóbal de Las Casas,México,60689,3.900000095,0.029999999,151896,129.9900055,1,129.9900055,126.0899963,Nike Men's CJ Elite 2 TD Football Cleat,06/09/2017 21:42,Standard Class,1,kg
PAYMENT,5,4,19.5699997,45.5,Late delivery,1,Women's Apparel,Caguas,Puerto Rico,3570,Nelson,PR,725,06/04/2017 21:42,San Cristóbal de Las Casas,México,60689,4.5,0.090000004,151894,50,1,50,45.5,Nike Men's Dri-FIT Victory Golf Polo,06/09/2017 21:42,Standard Class,1,kg
PAYMENT,5,4,-6.960000038,34.79000092,Late delivery,1,Shop By Sport,Caguas,Puerto Rico,3570,Nelson,PR,725,06/04/2017 21:42,San Cristóbal de Las Casas,México,60689,5.199999809,0.129999995,151895,39.99000168,1,39.99000168,34.79000092,Under Armour Girls' Toddler Spine Surge Runni,06/09/2017 21:42,Standard Class,1,kg
PAYMENT,6,4,53.04000092,110.4899979,Late delivery,1,Men's Footwear,Caguas,Puerto Rico,10451,Soto,PR,725,1/14/2016 5:04,Bekasi,Indonesia,25910,19.5,0.150000006,64856,129.9900055,1,129.9900055,110.4899979,Nike Men's CJ Elite 2 TD Football Cleat,1/20/2016 5:04,Standard Class,1,kg
DEBIT,4,2,18.78000069,59.99000168,Late delivery,1,Cleats,Caguas,Puerto Rico,7652,Guerrero,PR,725,02/10/2015 18:09,Tegucigalpa,Honduras,2793,0,0,7014,59.99000168,1,59.99000168,59.99000168,Perfect Fitness Perfect Rip Deck,2/14/2015 18:09,Second Class,1,kg
DEBIT,4,2,2.470000029,123.4899979,Late delivery,1,Men's Footwear,Caguas,Puerto Rico,942,Smith,PR,725,4/27/2015 12:27,León,Nicaragua,7983,6.5,0.050000001,19955,129.9900055,1,129.9900055,123.4899979,Nike Men's CJ Elite 2 TD Football Cleat,05/01/2015 12:27,Second Class,1,kg
DEBIT,2,2,29.95999908,399.4400024,Shipping on time,0,Garden,Caguas,Puerto Rico,18684,Goff,PR,725,01/01/2018 17:23,Surat,India,75131,133.1499939,0.25,178446,532.5800171,1,532.5800171,399.4400024,Lawn mower,01/03/2018 17:23,Second Class,1,kg
CASH,2,1,12.14999962,45,Late delivery,1,Women's Apparel,Vega Baja,Puerto Rico,6648,Ho,PR,693,2/22/2016 7:38,Nagpur,India,28589,5,0.100000001,71551,50,1,50,45,Nike Men's Dri-FIT Victory Golf Polo,2/24/2016 7:38,First Class,1,kg
CASH,2,1,80.98999786,224.9799957,Late delivery,1,Cardio Equipment,Caguas,Puerto Rico,1001,Thomas,PR,725,9/23/2015 1:54,Turin,Italia,18160,74.98999786,0.25,45390,99.98999786,3,299.9700012,224.9799957,Nike Men's Free 5.0+ Running Shoe,9/25/2015 1:54,First Class,1,kg
CASH,2,1,79.16000366,272.9700012,Late delivery,1,Cardio Equipment,Vega Baja,Puerto Rico,6648,Ho,PR,693,2/22/2016 7:38,Nagpur,India,28589,27,0.090000004,71550,99.98999786,3,299.9700012,272.9700012,Nike Men's Free 5.0+ Running Shoe,2/24/2016 7:38,First Class,1,kg
CASH,2,1,108.1699982,235.1600037,Late delivery,1,Cleats,Caguas,Puerto Rico,1001,Thomas,PR,725,9/23/2015 1:54,Turin,Italia,18160,4.800000191,0.02,45389,59.99000168,4,239.9600067,235.1600037,Perfect Fitness Perfect Rip Deck,9/25/2015 1:54,First Class,1,kg
CASH,2,1,102.6500015,327.9700012,Late delivery,1,Cardio Equipment,Vega Baja,Puerto Rico,6648,Ho,PR,693,2/22/2016 7:38,Nagpur,India,28589,71.98999786,0.180000007,71549,99.98999786,4,399.9599915,327.9700012,Nike Men's Free 5.0+ Running Shoe,2/24/2016 7:38,First Class,1,kg
DEBIT,2,4,136.1100006,331.980011,Advance shipping,0,Fishing,Aurora,EE. UU.,10291,Smith,CO,80013,12/31/2015 10:21,Taiping,Malasia,24966,68,0.170000002,62542,399.980011,1,399.980011,331.980011,Field & Stream Sportsman 16 Gun Fire Safe,01/02/2016 10:21,Standard Class,1,kg
DEBIT,2,4,27.20000076,120.8899994,Advance shipping,0,Men's Footwear,Stamford,EE. UU.,11822,Smith,CT,6902,11/22/2016 11:49,Zanyán,Irán,47371,9.100000381,0.07,118438,129.9900055,1,129.9900055,120.8899994,Nike Men's CJ Elite 2 TD Football Cleat,11/24/2016 11:49,Standard Class,1,kg
DEBIT,3,4,168.9799957,499.9500122,Advance shipping,0,Cardio Equipment,Brooklyn,EE. UU.,2687,Smith,NY,11226,05/04/2015 17:31,Villa Nueva,Guatemala,8477,0,0,21160,99.98999786,5,499.9500122,499.9500122,Nike Men's Free 5.0+ Running Shoe,05/07/2015 17:31,Standard Class,1,kg
DEBIT,2,4,22.5,299.9500122,Advance shipping,0,Cleats,West Lafayette,EE. UU.,10462,Smith,IN,47906,02/01/2015 16:14,Mixco,Guatemala,2171,0,0,5430,59.99000168,5,299.9500122,299.9500122,Perfect Fitness Perfect Rip Deck,02/03/2015 16:14,Standard Class,1,kg
DEBIT,2,4,118.8300018,242.5,Advance shipping,0,Women's Apparel,Detroit,EE. UU.,7544,Smith,MI,48238,3/23/2015 5:40,Miramar,México,5566,7.5,0.029999999,13882,50,5,250,242.5,Nike Men's Dri-FIT Victory Golf Polo,3/25/2015 5:40,Standard Class,1,kg
DEBIT,2,4,56.77000046,167.9600067,Advance shipping,0,Shop By Sport,Virginia Beach,EE. UU.,6056,Flores,VA,23464,5/25/2015 22:55,Soyapango,El Salvador,9931,31.98999977,0.159999996,24807,39.99000168,5,199.9499969,167.9600067,Under Armour Girls' Toddler Spine Surge Runni,5/27/2015 22:55,Standard Class,1,kg
DEBIT,2,4,-160.0500031,239.9499969,Advance shipping,0,Electronics,West Lafayette,EE. UU.,10462,Smith,IN,47906,02/01/2015 16:14,Mixco,Guatemala,2171,0,0,5429,47.99000168,5,239.9499969,239.9499969,Titleist Pro V1x Golf Balls,02/03/2015 16:14,Standard Class,1,kg
TRANSFER,3,4,25.20000076,335.9700012,Advance shipping,0,Cardio Equipment,Memphis,EE. UU.,1174,Smith,TN,38109,5/22/2017 8:56,Quetzaltenango,Guatemala,59762,63.99000168,0.159999996,149559,99.98999786,4,399.9599915,335.9700012,Nike Men's Free 5.0+ Running Shoe,5/25/2017 8:56,Standard Class,1,kg
TRANSFER,2,4,34.79000092,119.9700012,Advance shipping,0,Shop By Sport,Milpitas,EE. UU.,1002,Lowe,CA,95035,12/28/2015 12:16,Seúl,Corea del Sur,24766,0,0,62040,39.99000168,3,119.9700012,119.9700012,Under Armour Girls' Toddler Spine Surge Runni,12/30/2015 12:16,Standard Class,1,kg
TRANSFER,2,4,-1.850000024,132,Advance shipping,0,Women's Apparel,South El Monte,EE. UU.,5534,Smith,CA,91733,11/24/2016 5:51,Estambul,Turquía,47491,18,0.119999997,118726,50,3,150,132,Nike Men's Dri-FIT Victory Golf Polo,11/26/2016 5:51,Standard Class,1,kg
TRANSFER,5,4,43.58000183,124.5,Late delivery,1,Women's Apparel,Santa Ana,EE. UU.,11446,Ramos,CA,92707,02/07/2016 6:47,Chaozhou,China,27559,25.5,0.170000002,68987,50,3,150,124.5,Nike Men's Dri-FIT Victory Golf Polo,02/12/2016 6:47,Standard Class,1,kg
CASH,3,4,5.539999962,20.5,Advance shipping,0,Hockey,Caguas,Puerto Rico,10074,Chen,PR,725,04/03/2015 8:16,Los Mochis,México,6327,4.5,0.180000007,15836,25,1,25,20.5,Nike Women's Legend V-Neck T-Shirt,04/06/2015 8:16,Standard Class,1,kg
CASH,2,1,71.33999634,245.9799957,Late delivery,1,Camping & Hiking,La Crosse,EE. UU.,9119,Smith,WI,54601,3/30/2015 16:41,Maracay,Venezuela,6077,54,0.180000007,15168,299.980011,1,299.980011,245.9799957,Diamondback Women's Serene Classic Comfort Bi,04/01/2015 16:41,First Class,1,kg
CASH,2,1,11.52000046,101.9800034,Late delivery,1,Cleats,La Crosse,EE. UU.,9119,Smith,WI,54601,3/30/2015 16:41,Maracay,Venezuela,6077,18,0.150000006,15166,59.99000168,2,119.9800034,101.9800034,Perfect Fitness Perfect Rip Deck,04/01/2015 16:41,First Class,1,kg
CASH,2,1,123.4700012,251.9700012,Late delivery,1,Cardio Equipment,Orange Park,EE. UU.,666,Simpson,FL,32073,4/22/2017 23:41,Mejicanos,El Salvador,57749,48,0.159999996,144480,99.98999786,3,299.9700012,251.9700012,Nike Men's Free 5.0+ Running Shoe,4/24/2017 23:41,First Class,1,kg
PAYMENT,6,4,39.59999847,132,Late delivery,1,Women's Apparel,Caguas,Puerto Rico,10451,Soto,PR,725,1/14/2016 5:04,Bekasi,Indonesia,25910,18,0.119999997,64857,50,3,150,132,Nike Men's Dri-FIT Victory Golf Polo,1/20/2016 5:04,Standard Class,1,kg
PAYMENT,6,4,45.25,98.37999725,Late delivery,1,Shop By Sport,Caguas,Puerto Rico,10451,Soto,PR,725,1/14/2016 5:04,Bekasi,Indonesia,25910,21.59000015,0.180000007,64855,39.99000168,3,119.9700012,98.37999725,Under Armour Girls' Toddler Spine Surge Runni,1/20/2016 5:04,Standard Class,1,kg
PAYMENT,3,4,218.3800049,454.9500122,Advance shipping,0,Cardio Equipment,Caguas,Puerto Rico,10595,Smith,PR,725,7/22/2015 8:07,Le Blanc-Mesnil,Francia,13862,45,0.090000004,34725,99.98999786,5,499.9500122,454.9500122,Nike Men's Free 5.0+ Running Shoe,7/25/2015 8:07,Standard Class,1,kg
DEBIT,2,2,11.48999977,33.79000092,Shipping on time,0,Video Games,Caguas,Puerto Rico,19799,Beard,PR,725,1/18/2018 0:01,Baotou,China,76246,5.960000038,0.150000006,179561,39.75,1,39.75,33.79000092,Fighting video games,1/20/2018 0:01,Second Class,1,kg
DEBIT,6,2,51.97999954,120.8899994,Late delivery,1,Men's Footwear,Caguas,Puerto Rico,475,Gibbs,PR,725,01/09/2017 22:36,Doha,Qatar,50690,9.100000381,0.07,126680,129.9900055,1,129.9900055,120.8899994,Nike Men's CJ Elite 2 TD Football Cleat,1/15/2017 22:36,Second Class,1,kg
DEBIT,4,2,8.100000381,107.9800034,Late delivery,1,Cleats,Caguas,Puerto Rico,1488,Hubbard,PR,,02/06/2017 1:33,Sonsonate,El Salvador,52548,12,0.100000001,131348,59.99000168,2,119.9800034,107.9800034,Perfect Fitness Perfect Rip Deck,02/10/2017 1:33,Second Class,1,kg
DEBIT,4,2,44.36000061,152.9700012,Late delivery,1,Cleats,Caguas,Puerto Rico,7652,Guerrero,PR,725,02/10/2015 18:09,Tegucigalpa,Honduras,2793,27,0.150000006,7013,59.99000168,3,179.9700012,152.9700012,Perfect Fitness Perfect Rip Deck,2/14/2015 18:09,Second Class,1,kg
DEBIT,2,2,87.73999786,269.9700012,Shipping on time,0,Cardio Equipment,Vega Baja,Puerto Rico,9697,Williams,PR,693,1/30/2016 19:04,Bendigo,Australia,27046,30,0.100000001,67767,99.98999786,3,299.9700012,269.9700012,Nike Men's Free 5.0+ Running Shoe,02/01/2016 19:04,Second Class,1,kg
DEBIT,2,2,-78.09999847,111.5699997,Shipping on time,0,Shop By Sport,Vega Baja,Puerto Rico,9697,Williams,PR,693,1/30/2016 19:04,Bendigo,Australia,27046,8.399999619,0.07,67764,39.99000168,3,119.9700012,111.5699997,Under Armour Girls' Toddler Spine Surge Runni,02/01/2016 19:04,Second Class,1,kg
DEBIT,3,4,37.84000015,120.8899994,Advance shipping,0,Men's Footwear,Chandler,EE. UU.,7559,Bishop,AZ,85224,04/09/2016 22:49,Wilmington,Estados Unidos,31852,9.100000381,0.07,79597,129.9900055,1,129.9900055,120.8899994,Nike Men's CJ Elite 2 TD Football Cleat,04/12/2016 22:49,Standard Class,1,kg
DEBIT,4,4,16.79999924,48,Shipping on time,0,Women's Apparel,Clarksville,EE. UU.,8090,Martinez,TN,37042,08/07/2016 7:14,Saint Louis,Estados Unidos,40028,2,0.039999999,99880,50,1,50,48,Nike Men's Dri-FIT Victory Golf Polo,08/11/2016 7:14,Standard Class,1,kg
DEBIT,3,4,6.239999771,23.98999977,Advance shipping,0,Electronics,Chandler,EE. UU.,7559,Bishop,AZ,85224,04/09/2016 22:49,Wilmington,Estados Unidos,31852,8,0.25,79595,31.98999977,1,31.98999977,23.98999977,Bridgestone e6 Straight Distance NFL San Dieg,04/12/2016 22:49,Standard Class,1,kg
DEBIT,4,4,53.93999863,165.9799957,Shipping on time,0,Cardio Equipment,Hollister,EE. UU.,6027,Moore,CA,95023,06/07/2017 7:09,Tlalpan,México,60853,34,0.170000002,152271,99.98999786,2,199.9799957,165.9799957,Nike Men's Free 5.0+ Running Shoe,06/11/2017 7:09,Standard Class,1,kg
DEBIT,6,4,-475.1199951,296.9500122,Late delivery,1,Cleats,Far Rockaway,EE. UU.,5469,Bradley,NY,11691,2/23/2016 12:01,Anshan,China,28670,3,0.01,71759,59.99000168,5,299.9500122,296.9500122,Perfect Fitness Perfect Rip Deck,2/29/2016 12:01,Standard Class,1,kg
DEBIT,6,4,81.37999725,232.5,Late delivery,1,Women's Apparel,Metairie,EE. UU.,1018,Smith,LA,70003,5/27/2016 8:44,Jacksonville,Estados Unidos,35100,17.5,0.07,87660,50,5,250,232.5,Nike Men's Dri-FIT Victory Golf Polo,06/02/2016 8:44,Standard Class,1,kg
DEBIT,4,4,-116.0699997,158.3500061,Shipping on time,0,Electronics,Hamtramck,EE. UU.,7839,Wells,MI,48212,8/18/2016 5:59,Dallas,Estados Unidos,40778,1.600000024,0.01,101767,31.98999977,5,159.9499969,158.3500061,Bridgestone e6 Straight Distance NFL Tennesse,8/22/2016 5:59,Standard Class,1,kg
PAYMENT,2,1,-12.75,42.5,Late delivery,1,Women's Apparel,San Jose,EE. UU.,8396,Brady,CA,95148,7/29/2015 20:54,Hamburgo,Alemania,14378,7.5,0.150000006,35986,50,1,50,42.5,Nike Men's Dri-FIT Victory Golf Polo,7/31/2015 20:54,First Class,1,kg
TRANSFER,6,4,-265.5700073,331.9700012,Late delivery,1,Cardio Equipment,Folsom,EE. UU.,6386,Smith,CA,95630,07/03/2015 13:13,Madrid,España,12575,67.98999786,0.170000002,31476,99.98999786,4,399.9599915,331.9700012,Nike Men's Free 5.0+ Running Shoe,07/09/2015 13:13,Standard Class,1,kg
TRANSFER,4,4,97.13999939,211.1600037,Shipping on time,0,Cleats,Pompano Beach,EE. UU.,1537,Murray,FL,33064,8/13/2015 4:14,Carcassonne,Francia,15358,28.79999924,0.119999997,38404,59.99000168,4,239.9600067,211.1600037,Perfect Fitness Perfect Rip Deck,8/17/2015 4:14,Standard Class,1,kg
TRANSFER,2,4,54.0699997,159.9600067,Advance shipping,0,Shop By Sport,Milpitas,EE. UU.,1002,Lowe,CA,95035,12/28/2015 12:16,Seúl,Corea del Sur,24766,0,0,62041,39.99000168,4,159.9600067,159.9600067,Under Armour Girls' Toddler Spine Surge Runni,12/30/2015 12:16,Standard Class,1,kg
TRANSFER,4,4,69.87000275,145.5500031,Shipping on time,0,Electronics,Pompano Beach,EE. UU.,1537,Murray,FL,33064,8/13/2015 4:14,Carcassonne,Francia,15358,14.39999962,0.090000004,38401,31.98999977,5,159.9499969,145.5500031,Under Armour Women's Ignite PIP VI Slide,8/17/2015 4:14,Standard Class,1,kg
TRANSFER,3,4,-68.27999878,251.9600067,Advance shipping,0,Cleats,Newark,EE. UU.,5941,Smith,OH,43055,6/17/2015 3:47,Cognac,Francia,11452,47.99000168,0.159999996,28651,59.99000168,5,299.9500122,251.9600067,Perfect Fitness Perfect Rip Deck,6/20/2015 3:47,Standard Class,1,kg
TRANSFER,4,4,66.94000244,148.75,Shipping on time,0,Electronics,Pompano Beach,EE. UU.,1537,Murray,FL,33064,8/13/2015 4:14,Carcassonne,Francia,15358,11.19999981,0.07,38405,31.98999977,5,159.9499969,148.75,Bridgestone e6 Straight Distance NFL Tennesse,8/17/2015 4:14,Standard Class,1,kg
TRANSFER,2,1,54.90999985,114.3899994,Shipping canceled,0,Men's Footwear,Caguas,Puerto Rico,6918,Smith,PR,725,6/20/2015 16:13,Leeds,Reino Unido,11693,15.60000038,0.119999997,29239,129.9900055,1,129.9900055,114.3899994,Nike Men's CJ Elite 2 TD Football Cleat,6/22/2015 16:13,First Class,1,kg
TRANSFER,2,1,20.25,269.9700012,Late delivery,1,Cardio Equipment,Caguas,Puerto Rico,5594,Davidson,PR,725,03/09/2016 9:22,Edogawa-ku,Japón,29690,30,0.100000001,74283,99.98999786,3,299.9700012,269.9700012,Nike Men's Free 5.0+ Running Shoe,03/11/2016 9:22,First Class,1,kg
TRANSFER,4,4,60.52000046,126.0899963,Shipping on time,0,Men's Footwear,Caguas,Puerto Rico,10906,Smith,PR,725,09/02/2017 10:43,El Prat de Llobregat,España,66823,3.900000095,0.029999999,167033,129.9900055,1,129.9900055,126.0899963,Nike Men's CJ Elite 2 TD Football Cleat,09/06/2017 10:43,Standard Class,1,kg
TRANSFER,5,4,31.59000015,116.9899979,Late delivery,1,Men's Footwear,Caguas,Puerto Rico,6205,Smith,PR,725,6/19/2015 19:33,Valencia,España,11634,13,0.100000001,29087,129.9900055,1,129.9900055,116.9899979,Nike Men's CJ Elite 2 TD Football Cleat,6/24/2015 19:33,Standard Class,1,kg
TRANSFER,6,4,182.75,406.1000061,Late delivery,1,Crafts,Caguas,Puerto Rico,14833,Frye,PR,725,11/06/2017 12:12,London,Reino Unido,71280,55.38000107,0.119999997,174595,461.480011,1,461.480011,406.1000061,Porcelain crafts,11/12/2017 12:12,Standard Class,1,kg
TRANSFER,4,4,10,50,Shipping on time,0,Women's Apparel,Caguas,Puerto Rico,10906,Smith,PR,725,09/02/2017 10:43,El Prat de Llobregat,España,66823,0,0,167036,50,1,50,50,Nike Men's Dri-FIT Victory Golf Polo,09/06/2017 10:43,Standard Class,1,kg
TRANSFER,5,4,20.09000015,41,Late delivery,1,Women's Apparel,Caguas,Puerto Rico,6205,Smith,PR,725,6/19/2015 19:33,Valencia,España,11634,9,0.180000007,29086,50,1,50,41,Nike Men's Dri-FIT Victory Golf Polo,6/24/2015 19:33,Standard Class,1,kg
TRANSFER,5,4,33.15000153,254.9799957,Late delivery,1,Camping & Hiking,Caguas,Puerto Rico,6205,Smith,PR,725,6/19/2015 19:33,Valencia, ee. uu. ,11634,45,0.150000006,29084,299.980011,1,299.980011,254.9799957,Diamondback Women's Serene Classic Comfort Bi,6/24/2015 19:33,Standard Class,1,kg
DEBIT,4,2,13.5,180,Late delivery,1,Women's Apparel,Caguas,Puerto Rico,942,Smith,PR,725,4/27/2015 12:27,León,Nicaragua,7983,20,0.100000001,19957,50,4,200,180,Nike Men's Dri-FIT Victory Golf Polo,05/01/2015 12:27,Second Class,1,kg
DEBIT,6,2,-22.44000053,134.3699951,Late delivery,1,Shop By Sport,Caguas,Puerto Rico,475,Gibbs,PR,725,01/09/2017 22:36,Doha,Qatar,50690,25.59000015,0.159999996,126679,39.99000168,4,159.9600067,134.3699951,Under Armour Girls' Toddler Spine Surge Runni,1/15/2017 22:36,Second Class,1,kg
DEBIT,4,2,88.80999756,188.9499969,Late delivery,1,Shop By Sport,Caguas,Puerto Rico,942,Smith,PR,725,4/27/2015 12:27,León,Nicaragua,7983,11,0.059999999,19953,39.99000168,5,199.9499969,188.9499969,Under Armour Girls' Toddler Spine Surge Runni,05/01/2015 12:27,Second Class,1,kg
DEBIT,2,2,21.12000084,239.9600067,Shipping on time,0,Cleats,Vega Baja,Puerto Rico,9697,Williams,PR,693,1/30/2016 19:04,Bendigo,Australia,27046,59.99000168,0.200000003,67766,59.99000168,5,299.9500122,239.9600067,Perfect Fitness Perfect Rip Deck,02/01/2016 19:04,Second Class,1,kg
DEBIT,5,4,27.0699997,57.59000015,Late delivery,1,Cleats,Carolina,Puerto Rico,3976,Costa,PR,983,9/16/2015 20:39,Bochum,Alemania,17734,2.400000095,0.039999999,44310,59.99000168,1,59.99000168,57.59000015,Perfect Fitness Perfect Rip Deck,9/21/2015 20:39,Standard Class,1,kg
DEBIT,4,4,-6.059999943,48.5,Shipping on time,0,Women's Apparel,Caguas,Puerto Rico,4973,Hubbard,PR,725,7/21/2017 2:11,Marseille,Francia,63853,1.5,0.029999999,159617,50,1,50,48.5,Nike Men's Dri-FIT Victory Golf Polo,7/25/2017 2:11,Standard Class,1,kg
DEBIT,5,4,102.0500031,377.980011,Late delivery,1,Fishing,Carolina,Puerto Rico,3976,Costa,PR,983,9/16/2015 20:39,Bochum,Alemania,17734,22,0.059999999,44311,399.980011,1,399.980011,377.980011,Field & Stream Sportsman 16 Gun Fire Safe,9/21/2015 20:39,Standard Class,1,kg
DEBIT,3,4,0,263.980011,Advance shipping,0,Camping & Hiking,San Juan,Puerto Rico,2422,Sawyer,PR,921,6/16/2015 20:47,Garforth,Reino Unido,11432,36,0.119999997,28594,299.980011,1,299.980011,263.980011,Diamondback Women's Serene Classic Comfort Bi,6/19/2015 20:47,Standard Class,1,kg
DEBIT,6,4,91.79000092,254.9799957,Late delivery,1,Camping & Hiking,Caguas,Puerto Rico,5401,Smith,PR,725,6/25/2017 5:02,Tours,Francia,62080,45,0.150000006,155228,299.980011,1,299.980011,254.9799957,Diamondback Women's Serene Classic Comfort Bi,07/01/2017 5:02,Standard Class,1,kg
DEBIT,2,4,33.18999863,66.37999725,Advance shipping,0,Shop By Sport,Aurora,EE. UU.,10291,Smith,CO,80013,12/31/2015 10:21,Taiping,Malasia,24966,13.60000038,0.170000002,62543,39.99000168,2,79.98000336,66.37999725,Under Armour Girls' Toddler Spine Surge Runni,01/02/2016 10:21,Standard Class,1,kg
DEBIT,2,4,-35.99000168,119.9800034,Advance shipping,0,Cleats,Stamford,EE. UU.,11822,Smith,CT,6902,11/22/2016 11:49,Zanyán,Irán,47371,0,0,118436,59.99000168,2,119.9800034,119.9800034,Perfect Fitness Perfect Rip Deck,11/24/2016 11:49,Standard Class,1,kg
DEBIT,5,4,58.52000046,124.5,Late delivery,1,Women's Apparel,Marion,EE. UU.,1763,Huffman,OH,43302,4/23/2017 4:57,Caracas,Venezuela,57764,25.5,0.170000002,144527,50,3,150,124.5,Nike Men's Dri-FIT Victory Golf Polo,4/28/2017 4:57,Standard Class,1,kg
DEBIT,4,4,35.24000168,130.5,Shipping on time,0,Women's Apparel,Clarksville,EE. UU.,8090,Martinez,TN,37042,08/07/2016 7:14,Saint Louis,Estados Unidos,40028,19.5,0.129999995,99882,50,3,150,130.5,Nike Men's Dri-FIT Victory Golf Polo,08/11/2016 7:14,Standard Class,1,kg
DEBIT,6,4,36.11000061,124.5,Late delivery,1,Women's Apparel,Sugar Land,EE. UU.,532,Smith,TX,77479,6/25/2016 23:56,Concord,Estados Unidos,37130,25.5,0.170000002,92650,50,3,150,124.5,Nike Men's Dri-FIT Victory Golf Polo,07/01/2016 23:56,Standard Class,1,kg
DEBIT,5,4,16.62999916,63.97000122,Late delivery,1,Golf Balls,Bountiful,EE. UU.,2057,Smith,UT,84010,9/25/2016 14:00,Cairo,Egipto,43404,15.98999977,0.200000003,108409,19.98999977,4,79.95999908,63.97000122,Glove It Women's Mod Oval Golf Glove,9/30/2016 14:00,Standard Class,1,kg
DEBIT,6,4,3.599999905,143.9600067,Late delivery,1,Shop By Sport,Roseville,EE. UU.,4040,Hart,MI,48066,9/29/2015 15:33,Caen,Francia,18610,16,0.100000001,46514,39.99000168,4,159.9600067,143.9600067,Under Armour Girls' Toddler Spine Surge Runni,10/05/2015 15:33, Standard Class ,1,kg
TRANSFER,6,4,191.3800049,434.9599915,Late delivery,1,Cardio Equipment,Chicago,EE. UU.,11025,Smith,IL,60645,6/21/2017 6:26,Mantes-la-Jolie,Francia,61810,64.98999786,0.129999995,154510,99.98999786,5,499.9500122,434.9599915,Nike Men's Free 5.0+ Running Shoe,6/27/2017 6:26,Standard Class,1,kg
TRANSFER,5,4,113.9800034,299.9500122,Late delivery,1,Cleats,Vista,EE. UU.,5979,Kerr,CA,92084,07/04/2015 6:23,Aachen,Alemania,12624,0,0,31604,59.99000168,5,299.9500122,299.9500122,Perfect Fitness Perfect Rip Deck,07/09/2015 6:23,Standard Class,1,kg
TRANSFER,6,4,13.64000034,220,Late delivery,1,Women's Apparel,Chicago,EE. UU.,11025,Smith,IL,60645,6/21/2017 6:26,Mantes-la-Jolie,Francia,61810,30,0.119999997,154509,50,5,250,220,Nike Men's Dri-FIT Victory Golf Polo,6/27/2017 6:26,Standard Class,1,kg
TRANSFER,6,4,-43.95000076,318.5,Late delivery,1,Girls' Apparel,Pekin,EE. UU.,4104,Butler,IL,61554,3/31/2015 20:01,Sancti Spíritus,Cuba,6155,31.5,0.090000004,15382,70,5,350,318.5,adidas Youth Germany Black/Red Away Match Soc,04/06/2015 20:01,Standard Class,1,kg
TRANSFER,6,4,112.6999969,245,Late delivery,1,Women's Apparel,Bridgeton,EE. UU.,1771,Smith,NJ,8302,02/11/2017 3:07,San Pedro Sula,Honduras,52895,5,0.02,132244,50,5,250,245,Nike Men's Dri-FIT Victory Golf Polo,2/17/2017 3:07,Standard Class,1,kg
CASH,2,1,113.7399979,454.9500122,Late delivery,1,Cardio Equipment,La Crosse,EE. UU.,9119,Smith,WI,54601,3/30/2015 16:41,Maracay,Venezuela,6077,45,0.090000004,15169,99.98999786,5,499.9500122,454.9500122,Nike Men's Free 5.0+ Running Shoe,04/01/2015 16:41,First Class,1,kg
CASH,2,2,30.76000023,118.2900009,Shipping on time,0,Men's Footwear,Columbus,EE. UU.,267,Smith,OH,43229,1/21/2015 10:28,Orizaba,México,1401,11.69999981,0.090000004,3470,129.9900055,1,129.9900055,118.2900009,Nike Men's CJ Elite 2 TD Football Cleat,1/23/2015 10:28,Second Class,1,kg
CASH,2,2,43.86999893,116.9899979,Shipping on time,0,Men's Footwear,Columbus,EE. UU.,267,Smith,OH,43229,1/21/2015 10:28,Orizaba,México,1401,13,0.100000001,3468,129.9900055,1,129.9900055,116.9899979,Nike Men's CJ Elite 2 TD Football Cleat,1/23/2015 10:28,Second Class,1,kg
CASH,2,2,28.17000008,90,Shipping on time,0,Women's Apparel,Columbus,EE. UU.,267,Smith,OH,43229,1/21/2015 10:28,Orizaba,México,1401,10,0.100000001,3471,50,2,100,90,Nike Men's Dri-FIT Victory Golf Polo,1/23/2015 10:28,Second Class,1,kg
CASH,4,4,46.90000153,375.1900024,Shipping on time,0,Cameras ,Cupertino,EE. UU.,13081,Landry,CA,95014,10/11/2017 22:24,Messina,Italia,69528,76.84999847,0.170000002,172843,452.0400085,1,452.0400085,375.1900024,Web Camera,10/15/2017 22:24,Standard Class,1,kg
TRANSFER,3,4,217.7799988,494.9500122,Advance shipping,0,Cardio Equipment,Normal,EE. UU.,10836,Brennan,IL,61761,12/22/2015 0:43,Perth,Australia,24322,5,0.01,60852,99.98999786,5,499.9500122,494.9500122,Nike Men's Free 5.0+ Running Shoe,12/25/2015 0:43,Standard Class,1,kg
TRANSFER,3,4,20.79000092,296.9500122,Advance shipping,0,Cleats,Houston,EE. UU.,8084,Smith,TX,77036,11/01/2015 16:02,Palu,Indonesia,20872,3,0.01,52157,59.99000168,5,299.9500122,296.9500122,Perfect Fitness Perfect Rip Deck,11/04/2015 16:02,Standard Class,1,kg
TRANSFER,3,4,144.9900055,499.9500122,Shipping canceled,0,Cardio Equipment,Lawrence,EE. UU.,4492,Hubbard,MA,1841,05/04/2016 9:39,San Francisco,Estados Unidos,33527,0,0,83697,99.98999786,5,499.9500122,499.9500122,Nike Men's Free 5.0+ Running Shoe,05/07/2016 9:39,Standard Class,1,kg
CASH,1,0,93.05000305,197.9799957,Late delivery,1,Cardio Equipment,Flushing,EE. UU.,3021,Alvarado,NY,11354,09/07/2016 21:02,Accra,Ghana,42191,2,0.01,105356,99.98999786,2,199.9799957,197.9799957,Nike Men's Free 5.0+ Running Shoe,09/08/2016 9:02,Same Day,1,kg
CASH,5,2,36.40000153,103.9899979,Late delivery,1,Men's Footwear,Brooklyn,EE. UU.,6012,Mayo,NY,11237,04/11/2016 0:02,Seattle,Estados Unidos,31924,26,0.200000003,79784,129.9900055,1,129.9900055,103.9899979,Nike Men's CJ Elite 2 TD Football Cleat,4/16/2016 0:02,Second Class,1,kg
CASH,5,2,34.79999924,87,Late delivery,1,Women's Apparel,Brooklyn,EE. UU.,6012,Mayo,NY,11237,04/11/2016 0:02,Seattle,Estados Unidos,31924,13,0.129999995,79786,50,2,100,87,Nike Men's Dri-FIT Victory Golf Polo,4/16/2016 0:02,Second Class,1,kg
CASH,5,2,8.359999657,41.77999878,Late delivery,1,Trade-In,Brooklyn,EE. UU.,6012,Mayo,NY,11237,04/11/2016 0:02,Seattle,Estados Unidos,31924,2.200000048,0.050000001,79785,21.98999977,2,43.97999954,41.77999878,Glove It Women's Mod Oval 3-Zip Carry All Gol,4/16/2016 0:02,Second Class,1,kg
CASH,3,2,-44.27000046,190,Late delivery,1,Women's Apparel,Plainfield,EE. UU.,9268,Roberson,IL,60544,04/01/2016 2:51,Wellington,Nueva Zelanda,31247,10,0.050000001,78100,50,4,200,190,Nike Men's Dri-FIT Victory Golf Polo,04/04/2016 2:51,Second Class,1,kg
PAYMENT,2,1,85.98000336,179.1300049,Late delivery,1,Women's Clothing,Pittsfield,EE. UU.,20540,Cleveland,MA,1201,1/28/2018 19:37,Nha Trang,Vietnam,76987,36.68999863,0.170000002,180302,215.8200073,1,215.8200073,179.1300049,Summer dresses,1/30/2018 19:37,First Class,1,kg
PAYMENT,2,1,7.650000095,101.9800034,Late delivery,1,Cleats,San Jose,EE. UU.,8396,Brady,CA,95148,7/29/2015 20:54,Hamburgo,Alemania,14378,18,0.150000006,35985,59.99000168,2,119.9800034,101.9800034,Perfect Fitness Perfect Rip Deck,7/31/2015 20:54,First Class,1,kg
PAYMENT,2,1,9.819999695,111.5800018,Late delivery,1,Cleats,Hialeah,EE. UU.,11046,Davidson,FL,33015,09/03/2016 6:19,Amasya,Turquía,41875,8.399999619,0.07,104529,59.99000168,2,119.9800034,111.5800018,Perfect Fitness Perfect Rip Deck,09/05/2016 6:19,First Class,1,kg
PAYMENT,2,1,17.37999916,62.06000137,Late delivery,1,Electronics,Hialeah,EE. UU.,11046,Davidson,FL,33015,09/03/2016 6:19,Amasya,Turquía,41875,1.919999957,0.029999999,104531,31.98999977,2,63.97999954,62.06000137,Bridgestone e6 Straight Distance NFL San Dieg,09/05/2016 6:19,First Class,1,kg
PAYMENT,2,1,-100.4100037,236.25,Late delivery,1,Women's Apparel,Peoria,EE. UU.,1232,Smith,AZ,85345,3/29/2015 11:57,Mexico City,México,5995,13.75,0.059999999,14927,50,5,250,236.25,Nike Men's Dri-FIT Victory Golf Polo,3/31/2015 11:57,First Class,1,kg
DEBIT,2,4,11.64000034,96.98999786,Advance shipping,0,Cardio Equipment,Caguas,Puerto Rico,10482,Rivera,PR,725,16/03/2017,David,Panamá,55181,3,0.029999999,138007,99.98999786,1,99.98999786,96.98999786,Nike Men's Free 5.0+ Running Shoe,3/18/2017 12:00,Standard Class,1,kg
DEBIT,6,4,7.909999847,24.35000038,Late delivery,1,Electronics,Caguas,Puerto Rico,3099,Copeland,PR,725,3/25/2017 11:07,Colón,Panamá,55795,3.640000105,0.129999995,139537,27.98999977,1,27.98999977,24.35000038,Under Armour Kids' Mercenary Slide,3/31/2017 11:07,Standard Class,1,kg
DEBIT,6,4,0.899999976,74.98999786,Late delivery,1,Cardio Equipment,Caguas,Puerto Rico,2357,Mathis,PR,725,03/08/2015 23:43,Palma Soriano,Cuba,4590,25,0.25,11501,99.98999786,1,99.98999786,74.98999786,Nike Men's Free 5.0+ Running Shoe,3/14/2015 23:43,Standard Class,1,kg
DEBIT,4,4,63.70000076,129.9900055,Shipping on time,0,Men's Footwear,Caguas,Puerto Rico,5364,Colon,PR,725,5/28/2017 0:10,Spanish Town,Jamaica,60148,0,0,150529,129.9900055,1,129.9900055,129.9900055,Nike Men's CJ Elite 2 TD Football Cleat,06/01/2017 0:10,Standard Class,1,kg
DEBIT,4,4,61.77000046,128.6900024,Shipping on time,0,Men's Footwear,Caguas,Puerto Rico,5364,Colon,PR,725,5/28/2017 0:10,Spanish Town,Jamaica,60148,1.299999952,0.01,150526,129.9900055,1,129.9900055,128.6900024,Nike Men's CJ Elite 2 TD Football Cleat,06/01/2017 0:10,Standard Class,1,kg
DEBIT,4,4,61.77000046,128.6900024,Shipping on time,0,Men's Footwear,Caguas,Puerto Rico,3127,Smith,PR,725,04/05/2017 5:40,Recife,Brasil,56533,1.299999952,0.01,141403,129.9900055,1,129.9900055,128.6900024,Nike Men's CJ Elite 2 TD Football Cleat,04/09/2017 5:40,Standard Class,1,kg
DEBIT,6,4,38.02000046,116.9899979,Late delivery,1,Men's Footwear,Caguas,Puerto Rico,3099,Copeland,PR,725,3/25/2017 11:07,Colón,Panamá,55795,13,0.100000001,139540,129.9900055,1,129.9900055,116.9899979,Nike Men's CJ Elite 2 TD Football Cleat,3/31/2017 11:07,Standard Class,1,kg
DEBIT,2,4,17.28000069,47.99000168,Advance shipping,0,Cleats,Caguas,Puerto Rico,10269,Flowers,PR,725,2/24/2015 16:02,Feira de Santana,Brasil,3746,12,0.200000003,9319,59.99000168,1,59.99000168,47.99000168,Perfect Fitness Perfect Rip Deck,2/26/2015 16:02,Standard Class,1,kg
DEBIT,3,4,-16.28000069,97.48999786,Advance shipping,0,Men's Footwear,Caguas,Puerto Rico,6484,Jordan,PR,725,5/21/2017 17:10,Fort-de-France,Martinica,59717,32.5,0.25,149425,129.9900055,1,129.9900055,97.48999786,Nike Men's CJ Elite 2 TD Football Cleat,5/24/2017 17:10,Standard Class,1,kg
DEBIT,6,4,8.529999733,32.79000092,Late delivery,1,Shop By Sport,Caguas,Puerto Rico,3099,Copeland,PR,725,3/25/2017 11:07,Colón,Panamá,55795,7.199999809,0.180000007,139539,39.99000168,1,39.99000168,32.79000092,Under Armour Girls' Toddler Spine Surge Runni,3/31/2017 11:07,Standard Class,1,kg
DEBIT,6,4,100.9100037,347.980011,Late delivery,1,Fishing,Caguas,Puerto Rico,2357,Mathis,PR,725,03/08/2015 23:43,Palma Soriano,Cuba,4590,52,0.129999995,11502,399.980011,1,399.980011,347.980011,Field & Stream Sportsman 16 Gun Fire Safe,3/14/2015 23:43,Standard Class,1,kg
DEBIT,2,4,42.31000137,120.8899994,Advance shipping,0,Men's Footwear,Caguas,Puerto Rico,9266,Whitney,PR,725,05/01/2016 2:28,Lubbock,Estados Unidos,33301,9.100000381,0.07,83182,129.9900055,1,129.9900055,120.8899994,Nike Men's CJ Elite 2 TD Football Cleat,05/03/2016 2:28,Standard Class,1,kg
DEBIT,3,4,-27.63999939,92.13999939,Advance shipping,0,Electronics,San Juan,Puerto Rico,2422,Sawyer,PR,921,6/16/2015 20:47,Garforth,Reino Unido,11432,3.839999914,0.039999999,28596,47.99000168,2,95.98000336,92.13999939,Titleist Pro V1x High Numbers Golf Balls,6/19/2015 20:47,Standard Class,1,kg
DEBIT,4,4,75.90000153,161.4799957,Shipping on time,0,Boxing & MMA,Humacao,Puerto Rico,11556,Watson,PR,791,05/08/2017 12:27,Tuxtla Gutiérrez,México,58813,28.5,0.150000006,147210,94.98999786,2,189.9799957,161.4799957,Nike Women's Free 5.0 TR FIT PRT 4 Training S,05/12/2017 12:27,Standard Class,1,kg
DEBIT,2,4,36.40000153,98.37999725,Advance shipping,0,Cleats,Caguas,Puerto Rico,10482,Rivera,PR,725,3/16/2017 12:00,David,Panamá,55181,21.60000038,0.180000007,138003,59.99000168,2,119.9800034,98.37999725,Perfect Fitness Perfect Rip Deck,3/18/2017 12:00,Standard Class,1,kg
DEBIT,3,4,31.48999977,89.98999786,Advance shipping,0,Cleats,Caguas,Puerto Rico,7167,Medina,PR,725,04/08/2017 22:39,Medellín,Colombia,56787,30,0.25,142019,59.99000168,2,119.9800034,89.98999786,Perfect Fitness Perfect Rip Deck,04/11/2017 22:39,Standard Class,1,kg
DEBIT,6,4,33.75999832,93,Late delivery,1,Women's Apparel,Caguas,Puerto Rico,2357,Mathis,PR,725,03/08/2015 23:43,Palma Soriano,Cuba,4590,7,0.07,11503,50,2,100,93,Nike Men's Dri-FIT Victory Golf Polo,3/14/2015 23:43,Standard Class,1,kg
DEBIT,2,4,7.570000172,87,Advance shipping,0,Women's Apparel,Caguas,Puerto Rico,10482,Rivera,PR,725,3/16/2017 12:00,David,Panamá,55181,13,0.129999995,138004,50,2,100,87,Nike Men's Dri-FIT Victory Golf Polo,3/18/2017 12:00,Standard Class,1,kg
DEBIT,4,4,37.79999924,251.9700012,Shipping on time,0,As Seen on  TV!,Caguas,Puerto Rico,4973,Hubbard,PR,725,7/21/2017 2:11,Marseille,Francia,63853,48,0.159999996,159618,99.98999786,3,299.9700012,251.9700012,Nike Men's Free TR 5.0 TB Training Shoe,7/25/2017 2:11,Standard Class,1,kg
DEBIT,5,4,-99.23000336,141.75,Late delivery,1,Women's Apparel,Carolina,Puerto Rico,3976,Costa,PR,983,9/16/2015 20:39,Bochum,Alemania,17734,8.25,0.059999999,44313,50,3,150,141.75,Nike Men's Dri-FIT Victory Golf Polo,9/21/2015 20:39,Standard Class,1,kg
CASH,4,4,-2.700000048,107.8899994,Shipping on time,0,Men's Footwear,New York,EE. UU.,3199,Hernandez,NY,10031,6/29/2017 23:57,Helsinki,Finlandia,62408,22.10000038,0.170000002,155997,129.9900055,1,129.9900055,107.8899994,Nike Men's CJ Elite 2 TD Football Cleat,07/03/2017 23:57,Standard Class,1,kg
CASH,6,4,47.47000122,107.8899994,Late delivery,1,Men's Footwear,Freeport,EE. UU.,1000,Smith,NY,11520,4/21/2017 23:31,Carrefour,Haití,57680,22.10000038,0.170000002,144290,129.9900055,1,129.9900055,107.8899994,Nike Men's CJ Elite 2 TD Football Cleat,4/27/2017 23:31,Standard Class,1,kg
CASH,3,4,180.0099945,532.5800171,Advance shipping,0,Garden,New York,EE. UU.,15575,Best,NY,10016,11/17/2017 8:09,Canberra,Australia,72022,0,0,175337,532.5800171,1,532.5800171,532.5800171,Lawn mower,11/20/2017 8:09,Standard Class,1,kg
CASH,6,4,27.19000053,54.38000107,Late delivery,1,Electronics,Freeport,EE. UU.,1000,Smith,NY,11520,4/21/2017 23:31,Carrefour,Haití,57680,9.600000381,0.150000006,144293,31.98999977,2,63.97999954,54.38000107,Under Armour Women's Ignite PIP VI Slide,4/27/2017 23:31,Standard Class,1,kg
CASH,6,4,30.87000084,99.58000183,Late delivery,1,Cleats,Freeport,EE. UU.,1000,Smith,NY,11520,4/21/2017 23:31,Carrefour,Haití,57680,20.39999962,0.170000002,144292,59.99000168,2,119.9800034,99.58000183,Perfect Fitness Perfect Rip Deck,4/27/2017 23:31,Standard Class,1,kg
CASH,4,4,-115.1999969,192,Shipping on time,0,Women's Apparel,New York,EE. UU.,3199,,NY,10031,6/29/2017 23:57,Helsinki,Finlandia,62408,8,0.039999999,155998,50,4,200,192,Nike Men's Dri-FIT Victory Golf Polo,07/03/2017 23:57,Standard Class,1,kg
DEBIT,2,1,29.39999962,113.0899963,Late delivery,1,Men's Footwear,Philadelphia,EE. UU.,6725,Alexander,PA,19134,8/13/2015 10:11,Amsterdam,Países Bajos,15375,16.89999962,0.129999995,38445,129.9900055,1,129.9900055,113.0899963,Nike Men's CJ Elite 2 TD Football Cleat,8/15/2015 10:11,First Class,1,kg
DEBIT,2,1,38.22000122,113.0899963,Late delivery,1,Men's Footwear,Napa,EE. UU.,106,Freeman,CA,94558,1/15/2017 1:35,Bishkek,Kirguistán,51041,16.89999962,0.129999995,127570,129.9900055,1,129.9900055,113.0899963,Nike Men's CJ Elite 2 TD Football Cleat,1/17/2017 1:35,First Class,1,kg
DEBIT,2,1,30.62000084,105.5800018,Late delivery,1,Cleats,Philadelphia,EE. UU.,6725,Alexander,PA,19134,8/13/2015 10:11,Amsterdam,Países Bajos,15375,14.39999962,0.119999997,38446,59.99000168,2,119.9800034,105.5800018,Perfect Fitness Perfect Rip Deck,8/15/2015 10:11,First Class,1,kg
DEBIT,2,1,-64.5,88,Late delivery,1,Women's Apparel,Philadelphia,EE. UU.,6725,Alexander,PA,19134,8/13/2015 10:11,Amsterdam,Países Bajos,15375,12,0.119999997,38447,50,2,100,88,Nike Men's Dri-FIT Victory Golf Polo,8/15/2015 10:11,First Class,1,kg
CASH,3,4,67.5,185.9499969,Advance shipping,0,Shop By Sport,Caguas,Puerto Rico,10074,Chen,PR,725,04/03/2015 8:16,Los Mochis,México,6327,14,0.07,15834,39.99000168,5,199.9499969,185.9499969,Under Armour Girls' Toddler Spine Surge Runni,04/06/2015 8:16,Standard Class,1,kg
DEBIT,2,1,115.6100006,245.9799957,Late delivery,1,Camping & Hiking,Caguas,Puerto Rico,8849,Santos,PR,725,11/04/2016 2:02,Makurdi,Nigeria,46110,54,0.180000007,115277,299.980011,1,299.980011,245.9799957,Diamondback Women's Serene Classic Comfort Bi,11/06/2016 2:02,First Class,1,kg
DEBIT,2,1,-80.62999725,120.8899994,Late delivery,1,Men's Footwear,Caguas,Puerto Rico,4667,Gonzalez,PR,725,11/14/2015 2:53,Sylhet,Bangladés,21725,9.100000381,0.07,54357,129.9900055,1,129.9900055,120.8899994,Nike Men's CJ Elite 2 TD Football Cleat,11/16/2015 2:53,First Class,1,kg
DEBIT,2,1,14.78999996,118.2900009,Late delivery,1,Men's Footwear,Caguas,Puerto Rico,4667,Gonzalez,PR,725,11/14/2015 2:53,Sylhet,Bangladés,21725,11.69999981,0.090000004,54355,129.9900055,1,129.9900055,118.2900009,Nike Men's CJ Elite 2 TD Football Cleat,11/16/2015 2:53,First Class,1,kg
DEBIT,2,1,57.3199997,163.7700043,Late delivery,1,Cleats,Caguas,Puerto Rico,5733,Fisher,PR,725,12/28/2015 17:53,Singapur,Singapur,24782,16.20000076,0.090000004,62084,59.99000168,3,179.9700012,163.7700043,Perfect Fitness Perfect Rip Deck,12/30/2015 17:53,First Class,1,kg
DEBIT,2,1,-367.3999939,146.9600067,Late delivery,1,Fitness Accessories,Caguas,Puerto Rico,8849,Santos,PR,725,11/04/2016 2:02,Makurdi,Nigeria,46110,27.98999977,0.159999996,115275,34.99000168,5,174.9499969,146.9600067,Under Armour Hustle Storm Medium Duffle Bag,11/06/2016 2:02,First Class,1,kg
DEBIT,2,1,77.98999786,239.9600067,Late delivery,1,Cleats,Caguas,Puerto Rico,8849,Santos,PR,725,11/04/2016 2:02,Makurdi,Nigeria,46110,59.99000168,0.200000003,115276,59.99000168,5,299.9500122,239.9600067,Perfect Fitness Perfect Rip Deck,11/06/2016 2:02,First Class,1,kg
DEBIT,2,1,70.48000336,149.9600067,Late delivery,1,Shop By Sport,Caguas,Puerto Rico,4667,Gonzalez,PR,725,11/14/2015 2:53,Sylhet,Bangladés,21725,49.99000168,0.25,54356,39.99000168,5,199.9499969,149.9600067,Under Armour Girls' Toddler Spine Surge Runni,11/16/2015 2:53,First Class,1,kg
DEBIT,3,4,110.8700027,395.9599915,Advance shipping,0,Cardio Equipment,Chandler,EE. UU.,7559,Bishop,AZ,85224,04/09/2016 22:49,Wilmington,Estados Unidos,31852,4,0.01,79596,99.98999786,4,399.9599915,395.9599915,Nike Men's Free 5.0+ Running Shoe,04/12/2016 22:49,Standard Class,1,kg
DEBIT,5,4,15.53999996,419.9599915,Late delivery,1,Cardio Equipment,Marion,EE. UU.,1763,Huffman,OH,43302,4/23/2017 4:57,Caracas,Venezuela,57764,79.98999786,0.159999996,144525,99.98999786,5,499.9500122,419.9599915,Nike Men's Free 5.0+ Running Shoe,4/28/2017 4:57,Standard Class,1,kg
DEBIT,3,4,118.75,237.5,Advance shipping,0,Women's Apparel,Escondido,EE. UU.,10643,Delgado,CA,92025,4/13/2017 18:16,Mixco,Guatemala,57117,12.5,0.050000001,142868,50,5,250,237.5,Nike Men's Dri-FIT Victory Golf Polo,4/16/2017 18:16,Standard Class,1,kg
DEBIT,4,4,71.37999725,148.7100067,Shipping on time,0,Fitness Accessories,Salina,EE. UU.,10790,Smith,KS,67401,3/23/2016 12:30,Waitakere,Nueva Zelanda,30658,26.23999977,0.150000006,76583,34.99000168,5,174.9499969,148.7100067,Under Armour Hustle Storm Medium Duffle Bag,3/27/2016 12:30,Standard Class,1,kg
PAYMENT,3,2,33.75,337.4599915,Late delivery,1,Children's Clothing,Freeport,EE. UU.,13945,Buckner,NY,11520,10/24/2017 13:06,Valencia,España,70392,19.63999939,0.059999999,173707,357.1000061,1,357.1000061,337.4599915,Children's heaters,10/27/2017 13:06,Second Class,1,kg
TRANSFER,3,4,6.010000229,96.98999786,Shipping canceled,0,Cardio Equipment,Caguas,Puerto Rico,2881,Smith,PR,725,8/18/2015 15:16,Rouen,Francia,15732,3,0.029999999,39338,99.98999786,1,99.98999786,96.98999786,Nike Men's Free 5.0+ Running Shoe,8/21/2015 15:16,Standard Class,1,kg
TRANSFER,3,4,43.22000122,123.4899979,Advance shipping,0,Men's Footwear,Caguas,Puerto Rico,601,Smith,PR,725,05/08/2015 10:51,Mexico City,México,8732,6.5,0.050000001,21785,129.9900055,1,129.9900055,123.4899979,Nike Men's CJ Elite 2 TD Football Cleat,05/11/2015 10:51,Standard Class,1,kg
TRANSFER,3,4,24.19000053,50.38999939,Advance shipping,0,Cleats,Caguas,Puerto Rico,601,Smith,PR,725,05/08/2015 10:51,Mexico City,México,8732,9.600000381,0.159999996,21787,59.99000168,1,59.99000168,50.38999939,Perfect Fitness Perfect Rip Deck,05/11/2015 10:51,Standard Class,1,kg
TRANSFER,3,4,19.88999939,116.9899979,Advance shipping,0,Men's Footwear,Caguas,Puerto Rico,11142,Gonzales,PR,725,03/09/2016 15:20,Yibin,China,29707,13,0.100000001,74322,129.9900055,1,129.9900055,116.9899979,Nike Men's CJ Elite 2 TD Football Cleat,03/12/2016 15:20,Standard Class,1,kg
TRANSFER,5,4,19.25,66.37999725,Late delivery,1,Shop By Sport,Caguas,Puerto Rico,6205,Smith,PR,725,6/19/2015 19:33,Valencia,España,11634,13.60000038,0.170000002,29085,39.99000168,2,79.98000336,66.37999725,Under Armour Girls' Toddler Spine Surge Runni,6/24/2015 19:33,Standard Class,1,kg
TRANSFER,3,4,20.25,75,Shipping canceled,0,Women's Apparel,Caguas,Puerto Rico,2881,Smith,PR,725,8/18/2015 15:16,Rouen,Francia,15732,25,0.25,39335,50,2,100,75,Nike Men's Dri-FIT Victory Golf Polo,8/21/2015 15:16,Standard Class,1,kg
TRANSFER,4,4,68.30999756,148.5,Shipping on time,0,Women's Apparel,Caguas,Puerto Rico,10906,Smith,PR,725,09/02/2017 10:43,El Prat de Llobregat,España,66823,1.5,0.01,167034,50,3,150,148.5,Nike Men's Dri-FIT Victory Golf Polo,09/06/2017 10:43,Standard Class,1,kg
TRANSFER,3,4,35.09000015,134.9799957,Advance shipping,0,Cleats,Caguas,Puerto Rico,11142,Gonzales,PR,725,03/09/2016 15:20,Yibin,China,29707,44.99000168,0.25,74324,59.99000168,3,179.9700012,134.9799957,Perfect Fitness Perfect Rip Deck,03/12/2016 15:20,Standard Class,1,kg
TRANSFER,4,4,61.70999908,170,Shipping on time,0,Women's Apparel,Caguas,Puerto Rico,10906,Smith,PR,725,09/02/2017 10:43,El Prat de Llobregat,España,66823,30,0.150000006,167037,50,4,200,170,Nike Men's Dri-FIT Victory Golf Polo,09/06/2017 10:43,Standard Class,1,kg
TRANSFER,3,4,96.41999817,196.7700043,Advance shipping,0,Cleats,Caguas,Puerto Rico,601,Smith,PR,725,05/08/2015 10:51,Mexico City,México,8732,43.18999863,0.180000007,21786,59.99000168,4,239.9600067,196.7700043,Perfect Fitness Perfect Rip Deck,05/11/2015 10:51,Standard Class,1,kg
TRANSFER,3,4,95.61000061,254.9600067,Advance shipping,0,Cleats,Caguas,Puerto Rico,601,Smith,PR,725,05/08/2015 10:51,Mexico City,México,8732,44.99000168,0.150000006,21788,59.99000168,5,299.9500122,254.9600067,Perfect Fitness Perfect Rip Deck,05/11/2015 10:51,Standard Class,1,kg
PAYMENT,4,4,5.039999962,50.36999893,Shipping on time,0,Golf Balls,Sandusky,EE. UU.,9043,Norris,OH,44870,09/02/2016 20:52,Tabuk,Arabia Saudí,41848,9.590000153,0.159999996,104459,14.98999977,4,59.95999908,50.36999893,Hirzl Men's Hybrid Golf Glove,09/06/2016 20:52,Standard Class,1,kg
PAYMENT,2,2,-259.1900024,172.7899933,Shipping on time,0,Golf Gloves,Honolulu,EE. UU.,9816,Smith,HI,96818,4/27/2017 9:30,São Bernardo do Campo,Brasil,58051,7.199999809,0.039999999,145246,179.9900055,1,179.9900055,172.7899933,TaylorMade 2014 Purelite Stand Bag,4/29/2017 9:30,Second Class,1,kg
DEBIT,6,4,7.789999962,19.97999954,Late delivery,1,Golf Gloves,Caguas,Puerto Rico,2300,Williamson,PR,725,7/27/2015 20:33,Colombes,Francia,14240,0,0,35619,9.989999771,2,19.97999954,19.97999954,Clicgear 8.0 Shoe Brush,08/02/2015 20:33,Standard Class,1,kg
DEBIT,4,4,74.33000183,237.4900055,Shipping on time,0,Golf Gloves,Hollister,EE. UU.,6027,Moore,CA,95023,06/07/2017 7:09,Tlalpan,México,60853,12.5,0.050000001,152272,249.9900055,1,249.9900055,237.4900055,Titleist Small Wheeled Travel Cover,06/11/2017 7:09,Standard Class,1,kg
PAYMENT,6,4,71.19999695,227.4900055,Late delivery,1,Golf Gloves,Findlay,EE. UU.,8522,Smith,OH,45840,06/05/2017 17:19,Mexico City,México,60745,22.5,0.090000004,152023,249.9900055,1,249.9900055,227.4900055,Titleist Small Wheeled Travel Cover,06/11/2017 17:19,Standard Class,1,kg
DEBIT,2,2,55.0699997,175.9600067,Shipping on time,0,Golf Gloves,Vega Baja,Puerto Rico,9697,Williams,PR,693,1/30/2016 19:04,Bendigo,Australia,27046,23.98999977,0.119999997,67768,39.99000168,5,199.9499969,175.9600067,Clicgear Rovic Cooler Bag,02/01/2016 19:04,Second Class,1,kg
CASH,4,4,58.65000153,124.7900009,Shipping on time,0,Men's Footwear,Cordova,EE. UU.,7434,Holloway,TN,38018,4/16/2015 17:11,Tlaquepaque,México,7243,5.199999809,0.039999999,18144,129.9900055,1,129.9900055,124.7900009,Nike Men's CJ Elite 2 TD Football Cleat,4/20/2015 17:11,Standard Class,1000,kg
CASH,4,4,-82.37000275,123.4899979,Shipping on time,0,Men's Footwear,Cordova,EE. UU.,7434,Holloway,TN,38018,4/16/2015 17:11,Tlaquepaque,México,7243,6.5,0.050000001,18142,129.9900055,1,129.9900055,123.4899979,Nike Men's CJ Elite 2 TD Football Cleat,4/20/2015 17:11,Standard Class,1,kg
CASH,4,4,10.5,37.5,Shipping on time,0,Women's Apparel,Cordova,EE. UU.,7434,Holloway,TN,38018,4/16/2015 17:11,Tlaquepaque,México,7243,12.5,0.25,18140,50,1,50,37.5,Nike Men's Dri-FIT Victory Golf Polo,4/20/2015 17:11,Standard Class,1,kg
CASH,4,4,124.1900024,269.980011,Shipping on time,0,Camping & Hiking,Cordova,EE. UU.,7434,Holloway,TN,38018,4/16/2015 17:11,Tlaquepaque,México,7243,30,0.100000001,18143,299.980011,1,299.980011,269.980011,Diamondback Women's Serene Classic Comfort Bi,4/20/2015 17:11,Standard Class,1,kg
CASH,4,4,-32.33000183,84.40000153,Shipping on time,0,Pet Supplies,North Las Vegas,EE. UU.,16431,Combs,NV,89030,11/29/2017 20:03,Harbin,China,72878,0,0,176193,84.40000153,1,84.40000153,84.40000153,Adult dog supplies,12/03/2017 20:03,Standard Class,1,kg
CASH,2,4,10.34000015,39.75,Advance shipping,0,Video Games,Stockbridge,EE. UU.,20369,Roth,GA,30281,1/26/2018 7:42,Chaoyang,China,76816,0,0,180131,39.75,1,39.75,39.75,Fighting video games,1/28/2018 7:42,Standard Class,1,kg
CASH,2,4,-9.369999886,43.97999954,Advance shipping,0,Trade-In,Lancaster,EE. UU.,12334,Robertson,CA,93535,09/06/2015 7:21,Savona,Italia,17011,0,0,42541,21.98999977,2,43.97999954,43.97999954,Glove It Women's Mod Oval 3-Zip Carry All Gol,09/08/2015 7:21,Standard Class,1,kg
CASH,4,4,57.11000061,167.9799957,Shipping on time,0,Cardio Equipment,Cordova,EE. UU.,7434,Holloway,TN,38018,4/16/2015 17:11,Tlaquepaque,México,7243,32,0.159999996,18141,99.98999786,2,199.9799957,167.9799957,Nike Men's Free 5.0+ Running Shoe,4/20/2015 17:11,Standard Class,1,kg
CASH,5,4,-211.0700073,287.9500122,Late delivery,1,Cleats,Montebello,EE. UU.,5977,Shaffer,CA,90640,4/23/2017 20:43,Quetzaltenango,Guatemala,57809,12,0.039999999,144643,59.99000168,5,299.9500122,287.9500122,Perfect Fitness Perfect Rip Deck,4/28/2017 20:43,Standard Class,1,kg
DEBIT,2,1,29.39999962,86.98999786,Late delivery,1,Cardio Equipment,San Diego,EE. UU.,8352,Black,CA,92115,10/09/2015 6:26,La Rochelle,Francia,19269,13,0.129999995,48178,99.98999786,1,99.98999786,86.98999786,Nike Men's Free 5.0+ Running Shoe,10/11/2015 6:26,First Class,1,kg
DEBIT,2,1,12.47999954,47.99000168,Late delivery,1,Cleats,San Diego,EE. UU.,8352,Black,CA,92115,10/09/2015 6:26,La Rochelle,Francia,19269,12,0.200000003,48176,59.99000168,1,59.99000168,47.99000168,Perfect Fitness Perfect Rip Deck,10/11/2015 6:26,First Class,1,kg
DEBIT,2,1,-21.34000015,31.98999977,Late delivery,1,Shop By Sport,San Antonio,EE. UU.,82,Cook,TX,78240,9/24/2015 6:17,Krefeld,Alemania,18241,8,0.200000003,45595,39.99000168,1,39.99000168,31.98999977,Under Armour Girls' Toddler Spine Surge Runni,9/26/2015 6:17,First Class,1,kg
DEBIT,2,1,-71.54000092,263.980011,Late delivery,1,Camping & Hiking,Houston,EE. UU.,1498,Bray,TX,77084,08/06/2015 18:26,Altamura,Italia,14919,36,0.119999997,37356,299.980011,1,299.980011,263.980011,Diamondback Women's Serene Classic Comfort Bi,08/08/2015 18:26,First Class,1,kg
PAYMENT,6,2,-65.08999634,92.98999786,Late delivery,1,Cardio Equipment,Jacksonville,EE. UU.,10565,Velasquez,FL,32210,10/12/2016 2:14,Luanda,Angola,44535,7,0.07,111196,99.98999786,1,99.98999786,92.98999786,Nike Men's Free 5.0+ Running Shoe,10/18/2016 2:14,Second Class,1,kg
PAYMENT,6,2,18.20999908,58.18999863,Late delivery,1,Cleats,Beaverton,EE. UU.,10419,Smith,OR,97006,3/29/2017 23:43,León,Nicaragua,56105,1.799999952,0.029999999,140314,59.99000168,1,59.99000168,58.18999863,Perfect Fitness Perfect Rip Deck,04/04/2017 23:43,Second Class,1,kg
PAYMENT,6,2,-76.43000031,109.1900024,Late delivery,1,Men's Footwear,Beaverton,EE. UU.,10419,Smith,OR,97006,3/29/2017 23:43,León,Nicaragua,56105,20.79999924,0.159999996,140310,129.9900055,1,129.9900055,109.1900024,Nike Men's CJ Elite 2 TD Football Cleat,04/04/2017 23:43,Second Class,1,kg
PAYMENT,2,2,21.75,217.4900055,Shipping on time,0,Trade-In,Honolulu,EE. UU.,9816,Smith,HI,96818,4/27/2017 9:30,São Bernardo do Campo,Brasil,58051,32.5,0.129999995,145245,249.9900055,1,249.9900055,217.4900055,Garmin Approach S3 Golf GPS Watch,4/29/2017 9:30,Second Class,1,kg
PAYMENT,2,2,17.95000076,284.980011,Shipping on time,0,Camping & Hiking,Honolulu,EE. UU.,9816,Smith,HI,96818,4/27/2017 9:30,São Bernardo do Campo,Brasil,58051,15,0.050000001,145244,299.980011,1,299.980011,284.980011,Diamondback Women's Serene Classic Comfort Bi,4/29/2017 9:30,Second Class,1,kg
PAYMENT,5,2,14.60000038,33.18999863,Late delivery,1,Shop By Sport,Wayne,EE. UU.,317,Salazar,NJ,7470,1/13/2016 12:57,Tasikmalaya,Indonesia,25864,6.800000191,0.170000002,64729,39.99000168,1,39.99000168,33.18999863,Under Armour Girls' Toddler Spine Surge Runni,1/18/2016 12:57,Second Class,1,kg
PAYMENT,6,2,7.860000134,69.58000183,Late delivery,1,Shop By Sport,West Chester,EE. UU.,9587,Hawkins,PA,19382,12/27/2015 18:24,Bunbury,Australia,24715,10.39999962,0.129999995,61903,39.99000168,2,79.98000336,69.58000183,Under Armour Girls' Toddler Spine Surge Runni,01/02/2016 18:24,Second Class,1,kg
PAYMENT,6,2,25.61000061,290.9700012,Late delivery,1,Cardio Equipment,Beaverton,EE. UU.,10419,Smith,OR,97006,3/29/2017 23:43,León,Nicaragua,56105,9,0.029999999,140312,99.98999786,3,299.9700012,290.9700012,Nike Men's Free 5.0+ Running Shoe,04/04/2017 23:43,Second Class,1,kg
PAYMENT,5,2,127.3899994,363.9599915,Late delivery,1,Cardio Equipment,Wayne,EE. UU.,317,Salazar,NJ,7470,1/13/2016 12:57,Tasikmalaya,Indonesia,25864,36,0.090000004,64730,99.98999786,4,399.9599915,363.9599915,Nike Men's Free 5.0+ Running Shoe,1/18/2016 12:57,Second Class,1,kg
PAYMENT,6,2,55.24000168,169.9600067,Late delivery,1,Shop By Sport,Beaverton,EE. UU.,10419,Smith,OR,97006,3/29/2017 23:43,León,Nicaragua,56105,29.98999977,0.150000006,140313,39.99000168,5,199.9499969,169.9600067,Under Armour Girls' Toddler Spine Surge Runni,04/04/2017 23:43,Second Class,1,kg
PAYMENT,6,4,32.54999924,92.98999786,Late delivery,1,Cardio Equipment,Mount Pleasant,EE. UU.,3334,Smith,MI,48858,9/21/2017 23:08,Biarritz,Francia,68160,7,0.07,170421,99.98999786,1,99.98999786,92.98999786,Nike Men's Free 5.0+ Running Shoe,9/27/2017 23:08,Standard Class,1,kg
DEBIT,5,2,17.05999947,45.5,Late delivery,1,Women's Apparel,Caguas,Puerto Rico,7932,Rubio,PR,725,9/30/2015 22:44,Rome,Italia,18699,4.5,0.090000004,46734,50,1,50,45.5,Nike Men's Dri-FIT Victory Golf Polo,10/05/2015 22:44,Second Class,1,kg
DEBIT,6,2,15.22999954,31.07999992,Late delivery,1,Books ,Caguas,Puerto Rico,12668,Gordon,PR,725,10/05/2017 21:42,Madrid,España,69115,0,0,172430,31.07999992,1,31.07999992,31.07999992,Sports Books ,10/11/2017 21:42,Second Class,1,kg
DEBIT,6,2,62.70000076,179.1300049,Late delivery,1,Women's Clothing,Caguas,Puerto Rico,20468,Love,PR,725,1/27/2018 18:24,Canberra,Australia,76915,36.68999863,0.170000002,180230,215.8200073,1,215.8200073,179.1300049,Summer dresses,02/02/2018 18:24,Second Class,1,kg
DEBIT,6,4,127.4899979,339.980011,Late delivery,1,Fishing,Caguas,Puerto Rico,2300,Williamson,PR,725,7/27/2015 20:33,Colombes,Francia,14240,60,0.150000006,35618,399.980011,1,$399.98 ,339.980011,Field & Stream Sportsman 16 Gun Fire Safe,08/02/2015 20:33,Standard Class,1,kg
DEBIT,5,4,5.389999866,107.8899994,Late delivery,1,Men's Footwear,Guaynabo,Puerto Rico,8691,Hart,PR,969,04/01/2015 20:11,San Miguelito,Panamá,6224,22.10000038,0.170000002,15578,129.9900055,1,129.9900055,107.8899994,Nike Men's CJ Elite 2 TD Football Cleat,04/06/2015 20:11,Standard Class,1,kg
DEBIT,5,4,24.8199997,107.8899994,Late delivery,1,Men's Footwear,Caguas,Puerto Rico,7453,Smith,PR,725,06/09/2017 5:03,Tepic,México,60984,22.10000038,0.170000002,152568,129.9900055,1,129.9900055,107.8899994,Nike Men's CJ Elite 2 TD Football Cleat,6/14/2017 5:03,Standard Class,1,kg
DEBIT,6,4,100.4599991,205.0299988,Late delivery,1,Women's Clothing,Caguas,Puerto Rico,20513,Sims,PR,725,1/28/2018 10:09,Sydney,Australia,76960,10.78999996,0.050000001,180275,215.8200073,1,215.8200073,205.0299988,Summer dresses,02/03/2018 10:09,Standard Class,1,kg
DEBIT,5,4,43.88000107,120.8899994,Late delivery,1,Men's Footwear,Caguas,Puerto Rico,4008,Smith,PR,725,12/04/2015 9:30,Goulburn,Australia,23114,9.100000381,0.07,57876,129.9900055,1,129.9900055,120.8899994,Nike Men's CJ Elite 2 TD Football Cleat,12/09/2015 9:30,Standard Class,1,kg
DEBIT,5,4,57.95999908,118.2900009,Late delivery,1,Men's Footwear,Caguas,Puerto Rico,4008,Smith,PR,725,12/04/2015 9:30,Goulburn,Australia,23114,11.69999981,0.090000004,57875,129.9900055,1,129.9900055,118.2900009,Nike Men's CJ Elite 2 TD Football Cleat,12/09/2015 9:30,Standard Class,1,kg
DEBIT,6,4,-3.539999962,15.18999958,Late delivery,1,Trade-In,Caguas,Puerto Rico,3421,Norris,PR,725,2/14/2016 2:03,Bhilai,India,28025,0.800000012,0.050000001,70118,15.98999977,1,15.98999977,15.18999958,Glove It Urban Brick Golf Towel,2/20/2016 2:03,Standard Class,1,kg
DEBIT,3,4,-207.8899994,296.980011,Advance shipping,0,Camping & Hiking,Caguas,Puerto Rico,6726,Ryan,PR,725,11/22/2016 3:24,Mecca,Arabia Saudí,47347,3,0.01,118370,299.980011,1,299.980011,296.980011,Diamondback Women's Serene Classic Comfort Bi,11/25/2016 3:24,Standard Class,1,kg
DEBIT,6,4,-63.13999939,290.980011,Late delivery,1,Camping & Hiking,Caguas,Puerto Rico,3421,Norris,PR,725,2/14/2016 2:03,Bhilai,India,28025,9,0.029999999,70117,299.980011,1,299.980011,290.980011,Diamondback Women's Serene Classic Comfort Bi,2/20/2016 2:03,Standard Class,1,kg
DEBIT,5,4,161.2700043,335.980011,Late delivery,1,Fishing,Caguas,Puerto Rico,4008,Smith,PR,725,12/04/2015 9:30,Goulburn,Australia,23114,64,0.159999996,57877,399.980011,1,399.980011,335.980011,Field & Stream Sportsman 16 Gun Fire Safe,12/09/2015 9:30,Standard Class,1,kg
DEBIT,5,4,-25,32.59999847,Late delivery,1,Video Games,Caguas,Puerto Rico,20372,Osborne,PR,725,1/26/2018 8:46,Seúl,Corea del Sur,76819,7.159999847,0.180000007,180134,39.75,1,39.75,32.59999847,Fighting video games,1/31/2018 8:46,Standard Class,1,kg
DEBIT,2,4,-18.02000046,107.8899994,Advance shipping,0,Men's Footwear,Caguas,Puerto Rico,6382,Morales,PR,725,1/22/2016 7:52,Canberra,Australia,26466,22.10000038,0.170000002,66256,129.9900055,1,129.9900055,107.8899994,Nike Men's CJ Elite 2 TD Football Cleat,1/24/2016 7:52,Standard Class,1,kg
DEBIT,2,4,39.97000122,106.5899963,Advance shipping,0,Men's Footwear,Caguas,Puerto Rico,6382,Morales,PR,725,1/22/2016 7:52,Canberra,Australia,26466,23.39999962,0.180000007,66255,129.9900055,1,129.9900055,106.5899963,Nike Men's CJ Elite 2 TD Football Cleat,1/24/2016 7:52,Standard Class,1,kg
DEBIT,2,4,113.3899994,251.9799957,Advance shipping,0,Camping & Hiking,Caguas,Puerto Rico,6382,Morales,PR,725,1/22/2016 7:52,Canberra,Australia,26466,48,0.159999996,66252,299.980011,1,299.980011,251.9799957,Diamondback Women's Serene Classic Comfort Bi,1/24/2016 7:52,Standard Class,1,kg
DEBIT,2,1,-8.909999847,234.4299927,Late delivery,1,Health and Beauty,Lutz,EE. UU.,15793,Diaz,FL,33549,11/20/2017 12:32,Surabaya,Indonesia,72240,58.61000061,0.200000003,175555,293.0400085,1,293.0400085,234.4299927,First aid kit,11/22/2017 12:32,First Class,1,kg
DEBIT,2,1,42.31000137,120.8899994,Late delivery,1,Men's Footwear,Winnetka,EE. UU.,1162,Copeland,CA,91306,12/02/2015 7:03,Ludhiana,India,22970,9.100000381,0.07,57489,129.9900055,1,129.9900055,120.8899994,Nike Men's CJ Elite 2 TD Football Cleat,12/04/2015 7:03,First Class,1,kg
DEBIT,2,1,-575.9699707,383.980011,Late delivery,1,Fishing,Winnetka,EE. UU.,1162,Copeland,CA,91306,12/02/2015 7:03,Ludhiana,India,22970,16,0.039999999,57487,399.980011,1,399.980011,383.980011,Field & Stream Sportsman 16 Gun Fire Safe,12/04/2015 7:03,First Class,1,kg
DEBIT,2,1,21.68000031,246.3099976,Late delivery,1,Music,Normal,EE. UU.,18906,Hinton,IL,61761,01/04/2018 23:09,Ajmer,India,75353,14.34000015,0.059999999,178668,260.6499939,1,260.6499939,246.3099976,Rock music,01/06/2018 23:09,First Class,1,kg
DEBIT,2,1,31.75,113.3799973,Late delivery,1,Cleats,Houston,EE. UU.,1498,Bray,TX,77084,08/06/2015 18:26,Altamura,Italia,14919,6.599999905,0.059999999,37353,59.99000168,2,119.9800034,113.3799973,Perfect Fitness Perfect Rip Deck,08/08/2015 18:26,First Class,1,kg
DEBIT,2,1,28.28000069,87,Late delivery,1,Women's Apparel,Los Angeles,EE. UU.,9096,Andrews,CA,90007,2/21/2017 22:43,San Pedro de Macorís,República Dominicana,53636,13,0.129999995,134074,50,2,100,87,Nike Men's Dri-FIT Victory Golf Polo,2/23/2017 22:43,First Class,1,kg
DEBIT,2,1,49.88000107,147.5800018,Late delivery,1,Cleats,Los Angeles,EE. UU.,9096,Andrews,CA,90007,2/21/2017 22:43,San Pedro de Macorís,República Dominicana,53636,32.38999939,0.180000007,134075,59.99000168,3,179.9700012,147.5800018,Perfect Fitness Perfect Rip Deck,2/23/2017 22:43,First Class,1,kg
DEBIT,2,1,85.36000061,235.1600037,Late delivery,1,Cleats,San Diego,EE. UU.,8352,Black,CA,92115,10/09/2015 6:26,La Rochelle,Francia,19269,4.800000191,0.02,48179,59.99000168,4,239.9600067,235.1600037,Perfect Fitness Perfect Rip Deck,10/11/2015 6:26,First Class,1,kg
DEBIT,2,1,-319.9700012,399.9599915,Late delivery,1,Cardio Equipment,Winnetka,EE. UU.,1162,Copeland,CA,91306,12/02/2015 7:03,Ludhiana,India,22970,0,0,57491,99.98999786,4,399.9599915,399.9599915,Nike Men's Free 5.0+ Running Shoe,12/04/2015 7:03,First Class,1,kg
DEBIT,2,1,125.5599976,272.9500122,Late delivery,1,Cleats,San Diego,EE. UU.,8352,Black,CA,92115,10/09/2015 6:26,La Rochelle,Francia,19269,27,0.090000004,48177,59.99000168,5,299.9500122,272.9500122,Perfect Fitness Perfect Rip Deck,10/11/2015 6:26,First Class,1,kg
DEBIT,0,0,12.60000038,45,Shipping on time,0,Women's Apparel,New Orleans,EE. UU.,2476,Smith,LA,70117,11/20/2016 8:19,Mombasa,EE.UU.,47224,5,0.100000001,118039,50,1,50,45,Nike Men's Dri-FIT Victory Golf Polo,11/20/2016 20:19,Same Day,1,kg
DEBIT,0,0,155.5500031,353.5299988,Shipping on time,0,Children's Clothing,Lawrence,EE. UU.,13788,Reynolds,MA,1841,10/22/2017 6:05,Karlsruhe,Alemania,70235,3.569999933,0.01,173550,357.1000061,1,357.1000061,353.5299988,Children's heaters,10/22/2017 18:05,Same Day,1,kg
DEBIT,0,0,0,100,Shipping on time,0,Women's Apparel,Joliet,EE. UU.,7441,Smith,IL,60435,2/25/2015 11:39,Villahermosa,México,3802,0,0,9461,50,2,100,100,Nike Men's Dri-FIT Victory Golf Polo,2/25/2015 23:39,Same Day,1,kg
DEBIT,0,0,66.62000275,141.75,Shipping on time,0,Women's Apparel,New Orleans,EE. UU.,2476,Smith,LA,70117,11/20/2016 8:19,Mombasa,Kenia,47224,8.25,0.059999999,118041,50,3,150,141.75,Nike Men's Dri-FIT Victory Golf Polo,11/20/2016 20:19,Same Day,1,kg
PAYMENT,3,4,58.02999878,120.8899994,Advance shipping,0,Men's Footwear,Miami,EE. UU.,8033,Estes,FL,33186,6/29/2017 6:05,Paris,Francia,62357,9.100000381,0.07,155884,129.9900055,1,129.9900055,120.8899994,Nike Men's CJ Elite 2 TD Football Cleat,07/02/2017 6:05,Standard Class,1,kg
PAYMENT,3,4,55.59999847,118.2900009,Advance shipping,0,Men's Footwear,Miami,EE. UU.,8033,Estes,FL,33186,6/29/2017 6:05,Paris,Francia,62357,11.69999981,0.090000004,155881,129.9900055,1,129.9900055,118.2900009,Nike Men's CJ Elite 2 TD Football Cleat,07/02/2017 6:05,Standard Class,1,kg
PAYMENT,3,4,6.800000191,107.8899994,Advance shipping,0,Men's Footwear,Brooklyn,EE. UU.,10957,Turner,NY,11204,08/10/2017 14:05,Florence,Italia,65257,22.10000038,0.170000002,163078,129.9900055,1,129.9900055,107.8899994,Nike Men's CJ Elite 2 TD Football Cleat,8/13/2017 14:05,Standard Class,1,kg
PAYMENT,3,4,3.609999895,41,Advance shipping,0,Women's Apparel,Miami,EE. UU.,8033,Estes,FL,33186,6/29/2017 6:05,Paris,Francia,62357,9,0.180000007,155883,50,1,50,41,Nike Men's Dri-FIT Victory Golf Polo,07/02/2017 6:05,Standard Class,1,kg
PAYMENT,5,4,-13.36999989,118.2900009,Late delivery,1,Men's Footwear,New Castle,EE. UU.,640,Smith,DE,19720,4/28/2015 9:49,Chinautla,Guatemala,8044,11.69999981,0.090000004,20095,129.9900055,1,129.9900055,118.2900009,Nike Men's CJ Elite 2 TD Football Cleat,05/03/2015 9:49,Standard Class,1,kg
PAYMENT,5,4,75,299.980011,Late delivery,1,Camping & Hiking,New Castle,EE. UU.,640,Smith,DE,19720,4/28/2015 9:49,Chinautla,Guatemala,8044,0,0,20093,299.980011,1,299.980011,299.980011,Diamondback Women's Serene Classic Comfort Bi,05/03/2015 9:49,Standard Class,1,kg
PAYMENT,5,4,-269.269989,395.980011,Late delivery,1,Fishing,New Castle,EE. UU.,640,Smith,DE,19720,4/28/2015 9:49,Chinautla,Guatemala,8044,4,0.01,20094,399.980011,1,399.980011,395.980011,Field & Stream Sportsman 16 Gun Fire Safe,05/03/2015 9:49,Standard Class,1,kg
PAYMENT,6,4,16.37999916,50.38999939,Late delivery,1,Cleats,Simi Valley,EE. UU.,1271,Shea,CA,93065,11/17/2016 5:20,Bagdad,Irak,47010,9.600000381,0.159999996,117483,59.99000168,1,59.99000168,50.38999939,Perfect Fitness Perfect Rip Deck,11/23/2016 5:20,Standard Class,1,kg
PAYMENT,3,4,-5.670000076,113.3799973,Advance shipping,0,Cleats,Brooklyn,EE. UU.,10957,Turner,NY,11204,08/10/2017 14:05,Florence,Italia,65257,6.599999905,0.059999999,163076,59.99000168,2,119.9800034,113.3799973,Perfect Fitness Perfect Rip Deck,8/13/2017 14:05,Standard Class,1,kg
PAYMENT,6,4,11.78999996,43.65000153,Late delivery,1,Trade-In,Sugar Land,EE. UU.,8321,Smith,TX,77478,04/09/2016 1:06,Seattle,Estados Unidos,31790,4.320000172,0.090000004,79435,15.98999977,3,47.97000122,43.65000153,Glove It Urban Brick Golf Towel,4/15/2016 1:06,Standard Class,1,kg
PAYMENT,3,4,54.59999847,182,Advance shipping,0,Women's Apparel,Miami,EE. UU.,8033,Estes,FL,33186,6/29/2017 6:05,Paris,Francia,62357,18,0.090000004,155880,50,4,200,182,Nike Men's Dri-FIT Victory Golf Polo,07/02/2017 6:05,Standard Class,1,kg
DEBIT,1,0,22.30999947,71.98000336,Late delivery,1,Shop By Sport,Brooklyn,EE. UU.,517,Russell,NY,11211,1/20/2016 21:11,Chittagong,Bangladés,26367,8,0.100000001,65998,39.99000168,2,79.98000336,71.98000336,Under Armour Girls' Toddler Spine Surge Runni,1/21/2016 9:11,Same Day,1,kg
DEBIT,1,0,17.92000008,63.99000168,Late delivery,1,Trade-In,Brooklyn,EE. UU.,517,Russell,NY,11211,1/20/2016 21:11,Chittagong,Bangladés,26367,1.980000019,0.029999999,65996,21.98999977,3,65.97000122,63.99000168,Glove It Women's Mod Oval 3-Zip Carry All Gol,1/21/2016 9:11,Same Day,1,kg
DEBIT,3,2,-114.4100037,143.0099945,Late delivery,1,DVDs,Glen Burnie,EE. UU.,15095,Johnston,MD,21061,11/10/2017 7:59,Murcia,España,71542,21.37000084,0.129999995,174857,164.3800049,1,164.3800049,143.0099945,DVDs ,11/13/2017 7:59,Second Class,1,kg
DEBIT,4,2,113.3799973,269.9599915,Late delivery,1,Cleats,Hendersonville,EE. UU.,3300,Simpson,TN,37075,05/12/2016 21:12,Milwaukee,Estados Unidos,34108,30,0.100000001,85141,59.99000168,5,299.9500122,269.9599915,Perfect Fitness Perfect Rip Deck,5/16/2016 21:12,Second Class,1,kg
DEBIT,5,4,-171.5899963,114.3899994,Late delivery,1,Men's Footwear,Bountiful,EE. UU.,2057,Smith,UT,84010,9/25/2016 14:00,Cairo,Egipto,43404,15.60000038,0.119999997,108411,129.9900055,1,129.9900055,114.3899994,Nike Men's CJ Elite 2 TD Football Cleat,9/30/2016 14:00,Standard Class,1,kg
DEBIT,3,4,15.44999981,33.59000015,Advance shipping,0,Shop By Sport,Hanover,EE. UU.,10693,Sparks,PA,17331,11/27/2016 0:46,Bauchi,Nigeria,47682,6.400000095,0.159999996,119229,39.99000168,1,39.99000168,33.59000015,Under Armour Girls' Toddler Spine Surge Runni,11/30/2016 0:46,Standard Class,1,kg
DEBIT,4,4,50.84999847,339.0299988,Shipping on time,0,Cameras ,Quincy,EE. UU.,13456,Beard,MA,2169,10/17/2017 9:47,Hartlepool,Reino Unido,69903,113.0100021,0.25,173218,452.0400085,1,452.0400085,339.0299988,Web Camera,10/21/2017 9:47,Standard Class,1,kg
DEBIT,6,4,30.26000023,126.0899963,Late delivery,1,Men's Footwear,Roseville,EE. UU.,4040,Hart,MI,48066,9/29/2015 15:33,Caen,Francia,18610,3.900000095,0.029999999,46516,129.9900055,1,129.9900055,126.0899963,Nike Men's CJ Elite 2 TD Football Cleat,10/05/2015 15:33,Standard Class,1,kg
DEBIT,6,4,56.15999985,124.7900009,Late delivery,1,Men's Footwear,Roseville,EE. UU.,4040,Hart,MI,48066,9/29/2015 15:33,Caen,Francia,18610,5.199999809,0.039999999,46515,129.9900055,1,129.9900055,124.7900009,Nike Men's CJ Elite 2 TD Football Cleat,10/05/2015 15:33,Standard Class,1,kg
DEBIT,4,4,41.88999939,149.5899963,Shipping on time,0,Golf Bags & Carts,Mount Pleasant,EE. UU.,11899,Taylor,MI,48858,08/11/2017 21:57,Getxo,España,65348,20.39999962,0.119999997,163329,169.9900055,1,169.9900055,149.5899963,Ogio Race Golf Shoes,8/15/2017 21:57,Standard Class,1,kg
TRANSFER,2,1,21.84000015,218.3999939,Late delivery,1,Golf Shoes,Caguas,Puerto Rico,5594,Davidson,PR,725,03/09/2016 9:22,Edogawa-ku,Japón,29690,41.59999847,0.159999996,74282,65,4,260,218.3999939,LIJA Women's Eyelet Sleeveless Golf Polo,03/11/2016 9:22,First Class,1,kg
CASH,4,4,36.02999878,106.5899963,Shipping on time,0,Golf Apparel,New York,EE. UU.,3199,Hernandez,NY,10031,6/29/2017 23:57,Helsinki,Finlandia,62408,23.39999962,0.180000007,155996,129.9900055,1,129.9900055,106.5899963,TaylorMade Women's RBZ SL Rescue,07/03/2017 23:57,Standard Class,1,kg
TRANSFER,3,4,22.79999924,113.9899979,Advance shipping,0,Golf Apparel,Caguas,Puerto Rico,865,Smith,PR,725,06/01/2017 19:26,São Gonçalo,Brasil,60477,6,0.050000001,151348,119.9899979,1,119.9899979,113.9899979,Cleveland Golf Women's 588 RTX CB Satin Chrom,06/04/2017 19:26,Standard Class,1,kg
TRANSFER,5,4,16.95999908,52.16999817,Late delivery,1,Golf Apparel,Caguas,Puerto Rico,1473,Young,PR,725,01/06/2015 19:26,Córdoba,México,399,7.800000191,0.129999995,993,19.98999977,3,59.97000122,52.16999817,Top Flite Women's 2014 XL Hybrid,01/11/2015 19:26,Standard Class,1,kg
TRANSFER,6,4,2.809999943,9.68999958,Late delivery,1,Toys,Caguas,Puerto Rico,16828,Olson,PR,725,12/05/2017 15:08,Surabaya,Indonesia,73275,1.850000024,0.159999996,176590,11.53999996,1,11.53999996,9.68999958,Toys ,12/11/2017 15:08,Standard Class,1,kg
TRANSFER,2,1,4.190000057,11.53999996,Shipping canceled,0,Toys,Antioch,EE. UU.,16787,Cohen,TN,37013,12/05/2017 0:46,Canberra,Australia,73234,0,0,176549,11.53999996,1,11.53999996,11.53999996,Toys ,12/07/2017 0:46,First Class,1,kg
TRANSFER,3,4,54,199.9900055,Advance shipping,0,Water Sports,Azusa,EE. UU.,12075,Carr,CA,91702,9/22/2017 8:35,Harrow,Reino Unido,68187,0,0,170481,199.9900055,1,199.9900055,199.9900055,Pelican Sunstream 100 Kayak,9/25/2017 8:35,Standard Class,1,kg
PAYMENT,6,4,66.5,189.9900055,Late delivery,1,Water Sports,Mount Pleasant,EE. UU.,3334,Smith,MI,48858,9/21/2017 23:08,Biarritz,Francia,68160,10,0.050000001,170423,199.9900055,1,199.9900055,189.9900055,Pelican Sunstream 100 Kayak,9/27/2017 23:08,Standard Class,1,kg
PAYMENT,6,4,14.17000008,188.9900055,Late delivery,1,Water Sports,Mount Pleasant,EE. UU.,3334,Smith,MI,48858,9/21/2017 23:08,Biarritz,Francia,68160,11,0.059999999,170422,199.9900055,1,199.9900055,188.9900055,Pelican Sunstream 100 Kayak,9/27/2017 23:08,Standard Class,1,kg
DEBIT,2,4,36.95999908,175.9900055,Advance shipping,0,Water Sports,Martinez,EE. UU.,7174,Smith,CA,94553,9/17/2017 3:52,Beaune,Francia,67831,24,0.119999997,169591,199.9900055,1,199.9900055,175.9900055,Pelican Sunstream 100 Kayak,9/19/2017 3:52,Standard Class,1,kg
CASH,6,4,43.5,149.9900055,Late delivery,1,Water Sports,Florissant,EE. UU.,9553,Smith,MO,63031,9/15/2017 16:29,Halesowen,Reino Unido,67730,50,0.25,169322,199.9900055,1,199.9900055,149.9900055,Pelican Sunstream 100 Kayak,9/21/2017 16:29,Standard Class,1,kg
DEBIT,5,4,72,149.9900055,Late delivery,1,Water Sports,Normal,EE. UU.,6722,Smith,IL,61761,09/10/2017 18:46,Cagliari,Italia,67394,50,0.25,168455,199.9900055,1,199.9900055,149.9900055,Pelican Sunstream 100 Kayak,9/15/2017 18:46,Standard Class,1,kg
TRANSFER,5,4,-18.97999954,167.9900055,Late delivery,1,Water Sports,New Bedford,EE. UU.,9821,Smith,MA,2740,8/31/2017 4:46,Derby,Reino Unido,66669,32,0.159999996,166648,199.9900055,1,199.9900055,167.9900055,Pelican Sunstream 100 Kayak,09/05/2017 4:46,Standard Class,1,kg
TRANSFER,6,4,34.20000076,189.9900055,Late delivery,1,Water Sports,Cleveland,EE. UU.,6326,Harris,OH,44118,8/19/2017 5:50,Ghent,Bélgica,65850,10,0.050000001,164563,199.9900055,1,199.9900055,189.9900055,Pelican Sunstream 100 Kayak,8/25/2017 5:50,Standard Class,1,kg
DEBIT,4,4,-141.7400055,188.9900055,Shipping on time,0,Water Sports,Mount Pleasant,EE. UU.,11899,Taylor,MI,48858,08/11/2017 21:57,Getxo,España,65348,11,0.059999999,163328,199.9900055,1,199.9900055,188.9900055,Pelican Sunstream 100 Kayak,8/15/2017 21:57,Standard Class,1,kg
DEBIT,4,2,21.09000015,189.9900055,Late delivery,1,Water Sports,Bronx,EE. UU.,2375,Smith,NY,10467,08/10/2017 2:10,Espoo,Finlandia,65223,10,0.050000001,163001,199.9900055,1,199.9900055,189.9900055,Pelican Sunstream 100 Kayak,8/14/2017 2:10,Second Class,1,kg
TRANSFER,4,4,54.3199997,193.9900055,Shipping on time,0,Water Sports,Highland,EE. UU.,12101,Smith,CA,92346,6/25/2017 4:20,Viena,Austria,62078,6,0.029999999,155223,199.9900055,1,199.9900055,193.9900055,Pelican Sunstream 100 Kayak,6/29/2017 4:20,Standard Class,1,kg
PAYMENT,6,4,7.840000153,195.9900055,Late delivery,1,Water Sports,Metairie,EE. UU.,6441,Harris,LA,70003,06/10/2017 7:41,San Francisco de Macorís,República Dominicana,61060,4,0.02,152759,199.9900055,1,199.9900055,195.9900055,Pelican Sunstream 100 Kayak,6/16/2017 7:41,Standard Class,1,kg
PAYMENT,6,4,78.40000153,159.9900055,Late delivery,1,Water Sports,Findlay,EE. UU.,8522,Smith,OH,45840,06/05/2017 17:19,Mexico City,México,60745,40,0.200000003,152025,199.9900055,1,199.9900055,159.9900055,Pelican Sunstream 100 Kayak,06/11/2017 17:19,Standard Class,1,kg
PAYMENT,6,4,15,149.9900055,Late delivery,1,Water Sports,Findlay,EE. UU.,8522,Smith,OH,45840,06/05/2017 17:19,Mexico City,México,60745,50,0.25,152024,199.9900055,1,199.9900055,149.9900055,Pelican Sunstream 100 Kayak,06/11/2017 17:19,Standard Class,1,kg
PAYMENT,2,1,56.25999832,193.9900055,Late delivery,1,Water Sports,Caguas,Puerto Rico,7502,Smith,PR,725,06/03/2017 12:04,Tlalnepantla,México,60593,6,0.029999999,151656,199.9900055,1,199.9900055,193.9900055,Pelican Sunstream 100 Kayak,06/05/2017 12:04,First Class,1,kg
TRANSFER,3,4,62.40000153,159.9900055,Advance shipping,0,Water Sports,Caguas,Puerto Rico,2293,Collier,PR,725,06/03/2017 1:12,Santo Domingo,República Dominicana,60562,40,0.200000003,151587,199.9900055,1,199.9900055,159.9900055,Pelican Sunstream 100 Kayak,06/06/2017 1:12,Standard Class,1,kg
TRANSFER,4,4,-101.9100037,195.9900055,Shipping on time,0,Water Sports,San Francisco,EE. UU.,9636,Cruz,CA,94122,4/30/2017 10:01,Bogotá,Colombia,58258,4,0.02,145770,199.9900055,1,199.9900055,195.9900055,Pelican Sunstream 100 Kayak,05/04/2017 10:01,Standard Class,1,kg
CASH,5,4,64.73999786,165.9900055,Late delivery,1,Water Sports,Montebello,EE. UU.,5977,Shaffer,CA,90640,4/23/2017 20:43,Quetzaltenango,Guatemala,57809,34,0.170000002,144644,199.9900055,1,199.9900055,165.9900055,Pelican Sunstream 100 Kayak,4/28/2017 20:43,Standard Class,1,kg
TRANSFER,1,0,-33.40000153,199.9900055,Shipping canceled,0,Water Sports,Seattle,EE. UU.,7499,Powell,WA,98115,4/23/2017 17:12,San Salvador,El Salvador,57799,0,0,144613,199.9900055,1,199.9900055,199.9900055,Pelican Sunstream 100 Kayak,4/24/2017 5:12,Same Day,1,kg
DEBIT,3,4,58.08000183,159.9900055,Advance shipping,0,Water Sports,Caguas,Puerto Rico,1989,Leach,PR,725,4/22/2017 15:59,Córdoba,México,57727,40,0.200000003,144420,199.9900055,1,199.9900055,159.9900055,Pelican Sunstream 100 Kayak,4/25/2017 15:59,Standard Class,1,kg
DEBIT,2,4,51.04000092,175.9900055,Advance shipping,0,Water Sports,Los Angeles,EE. UU.,7340,Taylor,CA,90016,4/19/2017 7:03,Jiutepec,México,57496,24,0.119999997,143835,199.9900055,1,199.9900055,175.9900055,Pelican Sunstream 100 Kayak,4/21/2017 7:03,Standard Class,1,kg
DEBIT,3,4,48.59999847,179.9900055,Advance shipping,0,Water Sports,Escondido,EE. UU.,10643,Delgado,CA,92025,4/13/2017 18:16,Mixco,Guatemala,57117,20,0.100000001,142870,199.9900055,1,199.9900055,179.9900055,Pelican Sunstream 100 Kayak,4/16/2017 18:16,Standard Class,1,kg
CASH,2,4,4,199.9900055,Advance shipping,0,Water Sports,Caguas,Puerto Rico,9368,Cabrera,PR,725,04/11/2017 11:37,Carrefour,Haití,56961,0,0,142467,199.9900055,1,199.9900055,199.9900055,Pelican Sunstream 100 Kayak,4/13/2017 11:37,Standard Class,1,kg
DEBIT,2,4,31.68000031,197.9900055,Advance shipping,0,Water Sports,Spring,EE. UU.,91,Smith,TX,77379,02/05/2017 19:35,Villa Canales,Guatemala,52531,2,0.01,131304,199.9900055,1,199.9900055,197.9900055,Pelican Sunstream 100 Kayak,02/07/2017 19:35,Standard Class,1,kg
DEBIT,4,4,141.7400055,283.4700012,Shipping on time,0,Cardio Equipment,Humacao,Puerto Rico,11556,Watson,PR,791,05/08/2017 12:27,Tuxtla Gutiérrez,México,58813,16.5,0.059999999,147209,99.98999786,3,299.9700012,283.4700012,Nike Men's Free 5.0+ Running Shoe,05/12/2017 12:27,Standard Class,1,kg
DEBIT,4,4,55.0699997,260.9700012,Shipping on time,0,Cardio Equipment,Caguas,Puerto Rico,5364,Colon,PR,725,5/28/2017 0:10,Spanish Town,Jamaica,60148,39,0.129999995,150528,99.98999786,3,299.9700012,260.9700012,Nike Men's Free 5.0+ Running Shoe,06/01/2017 0:10,Standard Class,1,kg
DEBIT,2,4,51.31000137,109.1699982,Advance shipping,0,Shop By Sport,Caguas,Puerto Rico,10482,Rivera,PR,725,3/16/2017 12:00,David,Panamá,55181,10.80000019,0.090000004,138006,39.99000168,3,119.9700012,109.1699982,Under Armour Girls' Toddler Spine Surge Runni,3/18/2017 12:00,Standard Class,1,kg
DEBIT,2,4,93.58999634,359.9599915,Advance shipping,0,Cardio Equipment,Caguas,Puerto Rico,382,Lane,PR,725,12/20/2016 0:13,Cairo,Egipto,49256,40,0.100000001,123149,99.98999786,4,399.9599915,359.9599915,Nike Men's Free 5.0+ Running Shoe,12/22/2016 0:13,Standard Class,1,kg
DEBIT,3,4,30.65999985,143.9600067,Advance shipping,0,Shop By Sport,San Juan,Puerto Rico,2422,Sawyer,PR,921,6/16/2015 20:47,Garforth,Reino Unido,11432,16,0.100000001,28597,39.99000168,4,159.9600067,143.9600067,Under Armour Girls' Toddler Spine Surge Runni,6/19/2015 20:47,Standard Class,1,kg
DEBIT,4,4,143.9499969,334.7600098,Shipping on time,0,Boxing & MMA,Humacao,Puerto Rico,11556,Watson,PR,791,05/08/2017 12:27,Tuxtla Gutiérrez,México,58813,25.20000076,0.07,147212,89.98999786,4,359.9599915,334.7600098,Brooks Women's Ghost 6 Running Shoe,05/12/2017 12:27,Standard Class,1,kg
DEBIT,4,4,17.53000069,155.1600037,Shipping on time,0,Shop By Sport,Humacao,Puerto Rico,11556,Watson,PR,791,05/08/2017 12:27,Tuxtla Gutiérrez,México,58813,4.800000191,0.029999999,147208,39.99000168,4,159.9600067,155.1600037,Under Armour Girls' Toddler Spine Surge Runni,05/12/2017 12:27,Standard Class,1,kg
DEBIT,3,4,42.3199997,248.9600067,Advance shipping,0,Cleats,San Juan,Puerto Rico,2422,Sawyer,PR,921,6/16/2015 20:47,Garforth,Reino Unido,11432,50.99000168,0.170000002,28593,59.99000168,5,299.9500122,248.9600067,Perfect Fitness Perfect Rip Deck,6/19/2015 20:47,Standard Class,1,kg
DEBIT,4,4,88.02999878,242.5,Shipping on time,0,Women's Apparel,Caguas,Puerto Rico,4973,Hubbard,PR,725,7/21/2017 2:11,Marseille,Francia,63853,7.5,0.029999999,159616,50,5,250,242.5,Nike Men's Dri-FIT Victory Golf Polo,7/25/2017 2:11,Standard Class,1,kg
DEBIT,2,4,77.75,287.9500122,Advance shipping,0,Cleats,Caguas,Puerto Rico,9266,Whitney,PR,725,05/01/2016 2:28,Lubbock,Estados Unidos,33301,12,0.039999999,83181,59.99000168,5,299.9500122,287.9500122,Perfect Fitness Perfect Rip Deck,05/03/2016 2:28,Standard Class,1,kg
PAYMENT,2,1,1.74000001,43.5,Late delivery,1,Women's Apparel,Caguas,Puerto Rico,10136,Becker,PR,725,09/08/2017 22:37,Rome,Italia,67268,6.5,0.129999995,168122,50,1,50,43.5,Nike Men's Dri-FIT Victory Golf Polo,09/10/2017 22:37,First Class,1,kg
PAYMENT,2,1,100.7900009,287.980011,Late delivery,1,Camping & Hiking,Caguas,Puerto Rico,10136,Becker,PR,725,09/08/2017 22:37,Rome,Italia,67268,12,0.039999999,168123,299.980011,1,299.980011,287.980011,Diamondback Women's Serene Classic Comfort Bi,09/10/2017 22:37,First Class,1,kg
PAYMENT,2,1,42.31000137,120.8899994,Late delivery,1,Men's Footwear,Caguas,Puerto Rico,7502,Smith,PR,725,06/03/2017 12:04,Tlalnepantla,México,60593,9.100000381,0.07,151655,129.9900055,1,129.9900055,120.8899994,Nike Men's CJ Elite 2 TD Football Cleat,06/05/2017 12:04,First Class,1,kg
PAYMENT,2,1,136.7599945,290.980011,Late delivery,1,Camping & Hiking,Caguas,Puerto Rico,8864,Benson,PR,725,4/22/2015 16:50,Mexico City,México,7653,9,0.029999999,19162,299.980011,1,299.980011,290.980011,Diamondback Women's Serene Classic Comfort Bi,4/24/2015 16:50,First Class,1,kg
PAYMENT,2,1,-99.44999695,397.7999878,Late delivery,1,Cameras ,Caguas,Puerto Rico,17888,Fulton,PR,725,12/21/2017 2:30,Visakhapatnam,India,74335,54.24000168,0.119999997,177650,452.0400085,1,452.0400085,397.7999878,Web Camera,12/23/2017 2:30,First Class,1,kg
PAYMENT,2,1,66,150,Late delivery,1,Women's Apparel,Caguas,Puerto Rico,7502,Smith,PR,725,06/03/2017 12:04,Tlalnepantla,México,60593,0,0,151654,50,3,150,150,Nike Men's Dri-FIT Victory Golf Polo,06/05/2017 12:04,First Class,1,kg
PAYMENT,2,1,23.62000084,164,Late delivery,1,Women's Apparel,Caguas,Puerto Rico,7502,Smith,PR,725,06/03/2017 12:04,Tlalnepantla,México,60593,36,0.180000007,151652,50,4,200,164,Nike Men's Dri-FIT Victory Golf Polo,31/02/2017,First Class,1,kg
PAYMENT,2,1,67.84999847,260.9599915,Late delivery,1,Cleats,Caguas,Puerto Rico,10136,Becker,PR,725,09/08/2017 22:37,Rome,Italia,67268,38.99000168,0.129999995,168126,59.99000168,5,299.9500122,260.9599915,Perfect Fitness Perfect Rip Deck,09/10/2017 22:37,First Class,1,kg
PAYMENT,2,1,66.29000092,254.9600067,Late delivery,1,Cleats,Caguas,Puerto Rico,10136,Becker,PR,725,09/08/2017 22:37,Rome,Italia,67268,44.99000168,0.150000006,168125,59.99000168,5,299.9500122,254.9600067,Perfect Fitness Perfect Rip Deck,09/10/2017 22:37,First Class,1,kg
DEBIT,5,4,24,299.9599915,Late delivery,1,Children's Clothing,Brooklyn,EE. UU.,13812,Fernandez,NY,11226,10/22/2017 14:30,Krefeld,Alemania,70259,57.13999939,0.159999996,173574,357.1000061,1,357.1000061,299.9599915,Children's heaters,10/27/2017 14:30,Standard Class,1,kg
DEBIT,5,4,10.65999985,106.5899963,Late delivery,1,Men's Footwear,Normal,EE. UU.,6722,Smith,IL,61761,09/10/2017 18:46,Cagliari,Italia,67394,23.39999962,0.180000007,168453,129.9900055,1,129.9900055,106.5899963,Nike Men's CJ Elite 2 TD Football Cleat,9/15/2017 18:46,Standard Class,1,kg
DEBIT,5,4,9.899999619,29.98999977,Late delivery,1,Shop By Sport,Normal,EE. UU.,6722,Smith,IL,61761,09/10/2017 18:46,Cagliari,Italia,67394,10,0.25,168454,39.99000168,1,39.99000168,29.98999977,Under Armour Girls' Toddler Spine Surge Runni,9/15/2017 18:46,Standard Class,1,kg
DEBIT,5,4,41.02999878,87.29000092,Late delivery,1,Kids' Golf Clubs,Normal,EE. UU.,6722,Smith,IL,61761,09/10/2017 18:46,Cagliari,Italia,67394,2.700000048,0.029999999,168456,89.98999786,1,89.98999786,87.29000092,Polar FT4 Heart Rate Monitor,9/15/2017 18:46,Standard Class,1,kg
DEBIT,6,4,-33.79000092,383.980011,Late delivery,1,Fishing,Murfreesboro,EE. UU.,7842,Smith,TN,37130,08/02/2015 11:26,Aix-en-Provence,Francia,14625,16,0.039999999,36584,399.980011,1,399.980011,383.980011,Field & Stream Sportsman 16 Gun Fire Safe,08/08/2015 11:26,Standard Class,1,kg
DEBIT,6,4,-8.5,339.980011,Late delivery,1,Fishing,Roseville,EE. UU.,4040,Hart,MI,48066,9/29/2015 15:33,Caen,Francia,18610,60,0.150000006,46513,399.980011,1,399.980011,339.980011,Field & Stream Sportsman 16 Gun Fire Safe,10/05/2015 15:33,Standard Class,1,kg
DEBIT,2,4,1.519999981,116.9899979,Advance shipping,0,Men's Footwear,Howell,EE. UU.,1141,Koch,MI,48843,02/08/2015 9:24,San Miguelito,Panamá,2631,13,0.100000001,6598,129.9900055,1,129.9900055,116.9899979,Nike Men's CJ Elite 2 TD Football Cleat,02/10/2015 9:24,Standard Class,1,kg
DEBIT,3,4,-197.9100037,113.0899963,Advance shipping,0,Men's Footwear,Escondido,EE. UU.,10643,Delgado,CA,92025,4/13/2017 18:16,Mixco,Guatemala,57117,16.89999962,0.129999995,142871,129.9900055,1,129.9900055,113.0899963,Nike Men's CJ Elite 2 TD Football Cleat,4/16/2017 18:16,Standard Class,1,kg
DEBIT,5,4,-82.90000153,113.0899963,Late delivery,1,Men's Footwear,Albuquerque,EE. UU.,7510,Smith,NM,87111,1/22/2015 8:33,Caracas,Venezuela,1464,16.89999962,0.129999995,3647,129.9900055,1,129.9900055,113.0899963,Nike Men's CJ Elite 2 TD Football Cleat,1/27/2015 8:33,Standard Class,1,kg
DEBIT,3,4,26.52000046,110.4899979,Advance shipping,0,Men's Footwear,Escondido,EE. UU.,10643,Delgado,CA,92025,4/13/2017 18:16,Mixco,Guatemala,57117,19.5,0.150000006,142869,129.9900055,1,129.9900055,110.4899979,Nike Men's CJ Elite 2 TD Football Cleat,4/16/2017 18:16,Standard Class,1,kg
DEBIT,5,4,38.66999817,110.4899979,Late delivery,1,Men's Footwear,Albuquerque,EE. UU.,7510,Smith,NM,87111,1/22/2015 8:33,Caracas,Venezuela,1464,19.5,0.150000006,3645,129.9900055,1,129.9900055,110.4899979,Nike Men's CJ Elite 2 TD Football Cleat,1/27/2015 8:33,Standard Class,1,kg
DEBIT,5,4,63.88000107,188.9900055,Late delivery,1,Shop By Sport,Marion,EE. UU.,1763,Huffman,OH,43302,4/23/2017 4:57,Caracas,Venezuela,57764,11,0.059999999,144524,199.9900055,1,199.9900055,188.9900055,Nike Men's Kobe IX Elite Low Basketball Shoe,4/28/2017 4:57,Standard Class,1,kg
DEBIT,2,4,-37.90000153,45.5,Advance shipping,0,Women's Apparel,Los Angeles,EE. UU.,7340,Taylor,CA,90016,4/19/2017 7:03,Jiutepec,México,57496,4.5,0.090000004,143836,50,1,50,45.5,Nike Men's Dri-FIT Victory Golf Polo,4/21/2017 7:03,Standard Class,1,kg
DEBIT,2,4,3.49000001,290.980011,Advance shipping,0,Camping & Hiking,Los Angeles,EE. UU.,7340,Taylor,CA,90016,4/19/2017 7:03,Jiutepec,México,57496,9,0.029999999,143837,299.980011,1,299.980011,290.980011,Diamondback Women's Serene Classic Comfort Bi,4/21/2017 7:03,Standard Class,1,kg
DEBIT,5,4,120.5299988,245.9799957,Late delivery,1,Camping & Hiking,Marion,EE. UU.,1763,Huffman,OH,43302,4/23/2017 4:57,Caracas,Venezuela,57764,54,0.180000007,144526,299.980011,1,299.980011,245.9799957,Diamondback Women's Serene Classic Comfort Bi,4/28/2017 4:57,Standard Class,1,kg
DEBIT,4,4,47.04000092,97.98999786,Shipping on time,0,Cardio Equipment,Salina,EE. UU.,10790,Smith,KS,67401,3/23/2016 12:30,Waitakere,Nueva Zelanda,30658,2,0.02,76584,99.98999786,1,99.98999786,97.98999786,Nike Men's Free 5.0+ Running Shoe,3/27/2016 12:30,Standard Class,1,kg
TRANSFER,5,4,9.5,189.9900055,Late delivery,1,Water Sports,Vista,EE. UU.,5979,Kerr,CA,92084,07/04/2015 6:23,Aachen,Alemania,12624,10,0.050000001,31605,199.9900055,1,199.9900055,189.9900055,Pelican Sunstream 100 Kayak,07/09/2015 6:23,Standard Class,1,kg
DEBIT,3,4,60.47999954,188.9900055,Advance shipping,0,Water Sports,San Juan,Puerto Rico,2422,Sawyer,PR,921,6/16/2015 20:47,Garforth,Reino Unido,11432,11,0.059999999,28595,199.9900055,1,199.9900055,188.9900055,Pelican Sunstream 100 Kayak,6/19/2015 20:47,Standard Class,1,kg
TRANSFER,6,4,50.40000153,179.9900055,Late delivery,1,Water Sports,Caguas,Puerto Rico,11780,Norman,PR,725,6/15/2015 12:33,Capelle aan den IJssel,Países Bajos,11340,20,0.100000001,28356,199.9900055,1,199.9900055,179.9900055,Pelican Sunstream 100 Kayak,6/21/2015 12:33,Standard Class,1,kg
PAYMENT,2,4,54.45999908,173.9900055,Advance shipping,0,Water Sports,Caguas,Puerto Rico,7723,Whitney,PR,725,06/01/2015 0:18,Manchester,Reino Unido,10346,26,0.129999995,25897,199.9900055,1,199.9900055,173.9900055,Pelican Sunstream 100 Kayak,06/03/2015 0:18,Standard Class,1,kg
TRANSFER,5,4,18.97999954,167.9900055,Late delivery,1,Water Sports,Caguas,Puerto Rico,6023,Webb,PR,725,5/28/2015 18:32,Pilar,Brasil,10124,32,0.159999996,25295,199.9900055,1,199.9900055,167.9900055,Pelican Sunstream 100 Kayak,06/02/2015 18:32,Standard Class,1,kg
DEBIT,3,4,22.07999992,165.9900055,Advance shipping,0,Water Sports,Wayne,EE. UU.,10506,Smith,NJ,7470,5/28/2015 14:20,Indaial,Brasil,10112,34,0.170000002,25270,199.9900055,1,199.9900055,165.9900055,Pelican Sunstream 100 Kayak,5/31/2015 14:20,Standard Class,1,kg
PAYMENT,5,4,96,191.9900055,Late delivery,1,Water Sports,New Castle,EE. UU.,640,Smith,DE,19720,4/28/2015 9:49,Chinautla,Guatemala,8044,8,0.039999999,20092,199.9900055,1,199.9900055,191.9900055,Pelican Sunstream 100 Kayak,05/03/2015 9:49,Standard Class,1,kg
DEBIT,4,2,49.40000153,189.9900055,Late delivery,1,Water Sports,Caguas,Puerto Rico,942,Smith,PR,725,4/27/2015 12:27,León,Nicaragua,7983,10,0.050000001,19956,199.9900055,1,199.9900055,189.9900055,Pelican Sunstream 100 Kayak,05/01/2015 12:27,Second Class,1,kg
DEBIT,4,2,66.15000153,188.9900055,Late delivery,1,Water Sports,Caguas,Puerto Rico,942,Smith,PR,725,4/27/2015 12:27,León,Nicaragua,7983,11,0.059999999,19954,199.9900055,1,199.9900055,188.9900055,Pelican Sunstream 100 Kayak,05/01/2015 12:27,Second Class,1,kg
CASH,4,4,-27.70999908,169.9900055,Shipping on time,0,Water Sports,Caguas,Puerto Rico,11784,Cunningham,PR,725,4/26/2015 11:55,Managua,Nicaragua,7913,30,0.150000006,19775,199.9900055,1,199.9900055,169.9900055,Pelican Sunstream 100 Kayak,4/30/2015 11:55,Standard Class,1,kg
PAYMENT,5,2,89.27999878,185.9900055,Late delivery,1,Water Sports,Caguas,Puerto Rico,5007,Smith,PR,725,4/25/2015 1:14,Cabimas,Venezuela,7814,14,0.07,19543,199.9900055,1,199.9900055,185.9900055,Pelican Sunstream 100 Kayak,4/30/2015 1:14,Second Class,1,kg
PAYMENT,2,4,72,149.9900055,Advance shipping,0,Water Sports,Vallejo,EE. UU.,8814,Sexton,CA,94591,4/19/2015 7:33,Carrefour,Haití,7421,50,0.25,18601,199.9900055,1,199.9900055,149.9900055,Pelican Sunstream 100 Kayak,4/21/2015 7:33,Standard Class,1,kg
DEBIT,6,4,61.5,163.9900055,Late delivery,1,Water Sports,Rowland Heights,EE. UU.,7777,Rogers,CA,91748,4/16/2015 3:52,Huehuetenango,Guatemala,7205,36,0.180000007,18039,199.9900055,1,199.9900055,163.9900055,Pelican Sunstream 100 Kayak,4/22/2015 3:52,Standard Class,1,kg
CASH,0,0,26.29999924,123.4899979,Shipping on time,0,Men's Footwear,Salt Lake City,EE. UU.,4349,Williams,UT,84118,4/28/2016 3:42,Philadelphia,Estados Unidos,33099,6.5,0.050000001,82743,129.9900055,1,129.9900055,123.4899979,Nike Men's CJ Elite 2 TD Football Cleat,4/28/2016 15:42,Same Day,1,kg
CASH,6,4,-41.40000153,118.2900009,Late delivery,1,Men's Footwear,College Station,EE. UU.,8074,Harris,TX,77840,09/10/2017 8:36,Pontivy,Francia,67365,11.69999981,0.090000004,168375,129.9900055,1,129.9900055,118.2900009,Nike Men's CJ Elite 2 TD Football Cleat,9/16/2017 8:36,Standard Class,1,kg
CASH,6,4,31.59000015,116.9899979,Late delivery,1,Men's Footwear,College Station,EE. UU.,8074,Harris,TX,77840,09/10/2017 8:36,Pontivy,Francia,67365,13,0.100000001,168374,129.9900055,1,129.9900055,116.9899979,Nike Men's CJ Elite 2 TD Football Cleat,9/16/2017 8:36,Standard Class,1,kg
CASH,4,4,-40.77000046,15.98999977,Shipping on time,0,Trade-In,Irwin,EE. UU.,7595,Meyer,PA,15642,1/21/2015 16:26,La Paz,Bolivia,1418,0,0,3511,15.98999977,1,15.98999977,15.98999977,Glove It Urban Brick Golf Towel,1/25/2015 16:26,Standard Class,1,kg
CASH,6,4,6.199999809,100,Late delivery,1,Women's Apparel,College Station,EE. UU.,8074,Harris,TX,77840,09/10/2017 8:36,Pontivy,Francia,67365,0,0,168373,50,2,100,100,Nike Men's Dri-FIT Victory Golf Polo,9/16/2017 8:36,Standard Class,1,kg
DEBIT,5,2,11.3199997,128.6900024,Late delivery,1,Men's Footwear,Bakersfield,EE. UU.,10720,Gibbs,CA,93304,12/07/2016 4:58,Casablanca,Marruecos,48379,1.299999952,0.01,121004,129.9900055,1,129.9900055,128.6900024,Nike Men's CJ Elite 2 TD Football Cleat,12/12/2016 4:58,Second Class,1,kg
DEBIT,4,2,40.95000076,116.9899979,Late delivery,1,Men's Footwear,Bronx,EE. UU.,2375,Smith,NY,10467,08/10/2017 2:10,Espoo,Finlandia,65223,13,0.100000001,163002,129.9900055,1,129.9900055,116.9899979,Nike Men's CJ Elite 2 TD Football Cleat,8/14/2017 2:10,Second Class,1,kg
DEBIT,2,2,147.6999969,314.25,Shipping on time,0,Children's Clothing,Fairfield,EE. UU.,13869,Vang,CA,94533,10/23/2017 10:28,Gateshead,Reino Unido,70316,42.84999847,0.119999997,173631,357.1000061,1,357.1000061,314.25,Children's heaters,10/25/2017 10:28,Second Class,1,kg
DEBIT,4,2,32.61999893,260.980011,Late delivery,1,Camping & Hiking,Bronx,EE. UU.,2375,Smith,NY,10467,08/10/2017 2:10,Espoo,Finlandia,65223,39,0.129999995,163003,299.980011,1,299.980011,260.980011,Diamondback Women's Serene Classic Comfort Bi,8/14/2017 2:10,Second Class,1,kg
DEBIT,3,2,-3.579999924,123.2900009,Late delivery,1,DVDs,Livermore,EE. UU.,15035,Schroeder,CA,94550,11/09/2017 10:58,Elx,España,71482,41.09999847,0.25,174797,164.3800049,1,164.3800049,123.2900009,DVDs ,11/12/2017 10:58,Second Class,1,kg
DEBIT,6,2,-30.29000092,129.9900055,Late delivery,1,Men's Footwear,New York,EE. UU.,3679,Carpenter,NY,10027,4/21/2017 14:45,Tegucigalpa,Honduras,57655,0,0,144235,129.9900055,1,129.9900055,129.9900055,Nike Men's CJ Elite 2 TD Football Cleat,4/27/2017 14:45,Second Class,1,kg
DEBIT,6,2,58.59999847,127.3899994,Late delivery,1,Men's Footwear,Cleveland,EE. UU.,9463,Key,OH,44120,5/29/2015 8:54,Barreirinhas,Brasil,10165,2.599999905,0.02,25405,129.9900055,1,129.9900055,127.3899994,Nike Men's CJ Elite 2 TD Football Cleat,06/04/2015 8:54,Second Class,1,kg
DEBIT,3,2,14.55000019,38.79000092,Late delivery,1,Shop By Sport,El Paso,EE. UU.,3234,Smith,TX,79907,3/16/2017 1:51,Santo Domingo,República Dominicana,55152,1.200000048,0.029999999,137920,39.99000168,1,39.99000168,38.79000092,Under Armour Girls' Toddler Spine Surge Runni,3/19/2017 1:51,Second Class,1,kg
DEBIT,6,2,143.9900055,399.980011,Late delivery,1,Fishing,Cleveland,EE. UU.,9463,Key,OH,44120,5/29/2015 8:54,Barreirinhas,Brasil,10165,0,0,25406,399.980011,1,399.980011,399.980011,Field & Stream Sportsman 16 Gun Fire Safe,06/04/2015 8:54,standard class,1,kg
DEBIT,3,2,11.47999954,41,Late delivery,1,Women's Apparel,Phoenix,EE. UU.,6532,Dixon,AZ,85022,04/01/2016 1:06,Timaru,Nueva Zelanda,31242,9,0.180000007,78089,50,1,50,41,Nike Men's Dri-FIT Victory Golf Polo,04/04/2016 1:06,Second Class,1,kg
DEBIT,3,2,33.25999832,118.7799988,Late delivery,1,Cleats,El Paso,EE. UU.,3234,Smith,TX,79907,3/16/2017 1:51,Santo Domingo,República Dominicana,55152,1.200000048,0.01,137921,59.99000168,2,119.9800034,118.7799988,Perfect Fitness Perfect Rip Deck,3/19/2017 1:51,Second Class,1,kg
DEBIT,6,2,41.90000153,116.3799973,Late delivery,1,Cleats,Cleveland,EE. UU.,9463,Key,OH,44120,5/29/2015 8:54,Barreirinhas,Brasil,10165,3.599999905,0.029999999,25404,59.99000168,2,119.9800034,116.3799973,Perfect Fitness Perfect Rip Deck,06/04/2015 8:54,Second Class,1,kg
DEBIT,3,2,46.52999878,99,Late delivery,1,Women's Apparel,Phoenix,EE. UU.,6532,Dixon,AZ,85022,04/01/2016 1:06,Timaru,Nueva Zelanda,31242,1,0.01,78087,50,2,100,99,Nike Men's Dri-FIT Victory Golf Polo,04/04/2016 1:06,Second Class,1,kg
DEBIT,6,2,57.3199997,163.7700043,Late delivery,1,Cleats,Cleveland,EE. UU.,9463,Key,OH,44120,5/29/2015 8:54,Barreirinhas,Brasil,10165,16.20000076,0.090000004,25407,59.99000168,3,179.9700012,163.7700043,Perfect Fitness Perfect Rip Deck,06/04/2015 8:54,Second Class,1,kg
DEBIT,6,2,10.63000011,85.05000305,Late delivery,1,Girls' Apparel,New York,EE. UU.,3679,Carpenter,NY,10027,4/21/2017 14:45,Tegucigalpa,Honduras,57655,4.949999809,0.059999999,144234,30,3,90,85.05000305,Nike Men's Deutschland Weltmeister Winners Bl,4/27/2017 14:45,Second Class,1,kg
DEBIT,3,2,66.93000031,145.5,Late delivery,1,Women's Apparel,Phoenix,EE. UU.,6532,Dixon,AZ,85022,04/01/2016 1:06,Timaru,Nueva Zelanda,31242,4.5,0.029999999,78088,50,3,150,145.5,Nike Men's Dri-FIT Victory Golf Polo,04/04/2016 1:06,Second Class,1,kg
DEBIT,3,2,44.81000137,99.58000183,Late delivery,1,Shop By Sport,Phoenix,EE. UU.,6532,Dixon,AZ,85022,04/01/2016 1:06,Timaru,Nueva Zelanda,31242,20.38999939,0.170000002,78090,39.99000168,3,119.9700012,99.58000183,Under Armour Girls' Toddler Spine Surge Runni,04/04/2016 1:06,Second Class,1,kg
DEBIT,4,2,69.11000061,230.3600006,Late delivery,1,Cleats,Brooklyn,EE. UU.,12426,Valdez,NY,11210,2/13/2016 7:50,Rangún,Myanmar (Birmania),27973,9.600000381,0.039999999,70006,59.99000168,4,239.9600067,230.3600006,Perfect Fitness Perfect Rip Deck,2/17/2016 7:50,Second Class,1,kg
DEBIT,4,4,23.20000076,80,Shipping on time,0,Women's Apparel,Caguas,Puerto Rico,11978,Hayes,PR,725,10/13/2016 17:49,Orán,Argelia,44648,20,0.200000003,111486,50,2,100,80,Nike Men's Dri-FIT Victory Golf Polo,10/17/2016 17:49,Standard Class,1,kg
DEBIT,4,4,27.54000092,101.9800034,Shipping on time,0,Cleats,Caguas,Puerto Rico,190,Hayes,PR,725,4/19/2017 2:30,Ilopango,El Salvador,57483,18,0.150000006,143804,59.99000168,2,119.9800034,101.9800034,Perfect Fitness Perfect Rip Deck,4/23/2017 2:30,Standard Class,1,kg
DEBIT,5,4,2.49000001,83,Late delivery,1,Women's Apparel,Caguas,Puerto Rico,7453,Smith,PR,725,06/09/2017 5:03,Tepic,México,60984,17,0.170000002,152569,50,2,100,83,Nike Men's Dri-FIT Victory Golf Polo,6/14/2017 5:03,Standard Class,1,kg
DEBIT,5,4,-21.13999939,79.18000031,Late delivery,1,Shop By Sport,Caguas,Puerto Rico,4008,Smith,PR,725,12/04/2015 9:30,Goulburn,Australia,23114,0.800000012,0.01,57878,39.99000168,2,79.98000336,79.18000031,Under Armour Girls' Toddler Spine Surge Runni,12/09/2015 9:30,Standard Class,1,kg
DEBIT,4,4,38.24000168,101.9700012,Shipping on time,0,Shop By Sport,Caguas,Puerto Rico,190,Hayes,PR,725,4/19/2017 2:30,Ilopango,El Salvador,57483,18,0.150000006,143803,39.99000168,3,119.9700012,101.9700012,Under Armour Girls' Toddler Spine Surge Runni,4/23/2017 2:30,Standard Class,1,kg
DEBIT,4,4,-189.0800018,283.4700012,Shipping on time,0,Cardio Equipment,Caguas,Puerto Rico,8915,Grant,PR,725,06/12/2016 7:40,Seattle,Estados Unidos,36193,16.5,0.059999999,90381,99.98999786,3,299.9700012,283.4700012,Nike Men's Free 5.0+ Running Shoe,6/16/2016 7:40,Standard Class,1,kg
DEBIT,6,4,61.70999908,170,Late delivery,1,Women's Apparel,Caguas,Puerto Rico,2300,Williamson,PR,725,7/27/2015 20:33,Colombes,Francia,14240,30,0.150000006,35620,50,4,200,170,Nike Men's Dri-FIT Victory Golf Polo,08/02/2015 20:33,Standard Class,1,kg
DEBIT,5,4,26.10000038,174,Late delivery,1,Women's Apparel,Guaynabo,Puerto Rico,8691,Hart,PR,969,04/01/2015 20:11,San Miguelito,Panamá,6224,26,0.129999995,15579,50,4,200,174,Nike Men's Dri-FIT Victory Golf Polo,04/06/2015 20:11,Standard Class,1,kg
DEBIT,6,4,6.289999962,170,Late delivery,1,Women's Apparel,Caguas,Puerto Rico,3421,Norris,PR,725,2/14/2016 2:03,Bhilai,India,28025,30,0.150000006,70116,50,4,200,170,Nike Men's Dri-FIT Victory Golf Polo,2/20/2016 2:03,Standard Class,1,kg
DEBIT,2,4,24.36000061,174,Advance shipping,0,Women's Apparel,Caguas,Puerto Rico,6382,Morales,PR,725,1/22/2016 7:52,Canberra,Australia,26466,26,0.129999995,66253,50,4,200,174,Nike Men's Dri-FIT Victory Golf Polo,1/24/2016 7:52,Standard Class,1,kg
DEBIT,4,4,222.0500031,472.4500122,Shipping on time,0,Cardio Equipment,Caguas,Puerto Rico,190,Hayes,PR,725,4/19/2017 2:30,Ilopango,El Salvador,57483,27.5,0.059999999,143806,99.98999786,5,499.9500122,472.4500122,Nike Men's Free 5.0+ Running Shoe,4/23/2017 2:30,Standard Class,1,kg
DEBIT,5,4,124.7900009,479.9500122,Late delivery,1,Cardio Equipment,Caguas,Puerto Rico,7453,Smith,PR,725,06/09/2017 5:03,Tepic,México,60984,20,0.039999999,152570,99.98999786,5,499.9500122,479.9500122,Nike Men's Free 5.0+ Running Shoe,6/14/2017 5:03,Standard Class,1,kg
DEBIT,5,4,83.68000031,185.9499969,Late delivery,1,Shop By Sport,Caguas,Puerto Rico,7453,Smith,PR,725,06/09/2017 5:03,Tepic,México,60984,14,0.07,152571,39.99000168,5,199.9499969,185.9499969,Under Armour Girls' Toddler Spine Surge Runni,6/14/2017 5:03,Standard Class,1,kg
PAYMENT,2,2,136.7899933,359.980011,Shipping on time,0,Fishing,Caguas,Puerto Rico,2220,Smith,PR,725,3/31/2015 13:21,Managua,Nicaragua,6136,40,0.100000001,15345,399.980011,1,399.980011,359.980011,Field & Stream Sportsman 16 Gun Fire Safe,04/02/2015 13:21,Second Class,1,kg
PAYMENT,5,4,87.27999878,193.9499969,Late delivery,1,Shop By Sport,New Castle,EE. UU.,640,Smith,DE,19720,4/28/2015 9:49,Chinautla,Guatemala,8044,6,0.029999999,20091,39.99000168,5,199.9499969,193.9499969,Under Armour Girls' Toddler Spine Surge Runni,05/03/2015 9:49,Standard Class,1,kg
TRANSFER,2,1,35.27999878,97.98999786,Late delivery,1,Cardio Equipment,Clovis,EE. UU.,3512,Smith,CA,93611,10/07/2016 20:17,Likasi,República Democrática del Congo,44244,2,0.02,110469,99.98999786,1,99.98999786,97.98999786,Nike Men's Free 5.0+ Running Shoe,10/09/2016 20:17,First Class,1,kg
TRANSFER,2,1,60.54999924,179.1300049,Late delivery,1,Women's Clothing,Clearfield,EE. UU.,20702,Mays,UT,84015,1/31/2018 4:22,Rangún,Myanmar (Birmania),77149,36.68999863,0.170000002,180464,215.8200073,1,215.8200073,179.1300049,Summer dresses,02/02/2018 4:22,First Class,1,kg
TRANSFER,2,1,22.30999947,111.5699997,Late delivery,1,Shop By Sport,Clovis,EE. UU.,3512,Smith,CA,93611,10/07/2016 20:17,Likasi,República Democrática del Congo,44244,8.399999619,0.07,110470,39.99000168,3,119.9700012,111.5699997,Under Armour Girls' Toddler Spine Surge Runni,10/09/2016 20:17,First Class,1,kg
TRANSFER,0,0,154.6000061,429.4400024,Shipping on time,0,Cameras ,North Hollywood,EE. UU.,13180,Dillard,CA,91606,10/13/2017 9:05,Drancy,Francia,69627,22.60000038,0.050000001,172942,452.0400085,1,452.0400085,429.4400024,Web Camera,10/13/2017 21:05,Same Day,1,kg
TRANSFER,6,2,44.22000122,122.8399963,Late delivery,1,Men's Footwear,Gardena,EE. UU.,2906,Smith,CA,90247,8/19/2015 11:35,Bochum,Alemania,15790,7.150000095,0.059999999,39475,129.9900055,1,129.9900055,122.8399963,Nike Men's CJ Elite 2 TD Football Cleat,8/25/2015 11:35,Second Class,1,kg
TRANSFER,6,2,58.02999878,120.8899994,Late delivery,1,Men's Footwear,Gardena,EE. UU.,2906,,CA,90247,8/19/2015 11:35,Bochum,Alemania,15790,9.100000381,0.07,39472,129.9900055,1,129.9900055,120.8899994,Nike Men's CJ Elite 2 TD Football Cleat,8/25/2015 11:35,Second Class,1,kg
TRANSFER,4,2,39.29000092,120.8899994,Shipping canceled,0,Men's Footwear,Gardena,EE. UU.,2219,Chung,CA,90247,2/28/2015 17:05,León,México,4023,9.100000381,0.07,9998,129.9900055,1,129.9900055,120.8899994,Nike Men's CJ Elite 2 TD Football Cleat,03/04/2015 17:05,Second Class,1,kg
TRANSFER,4,2,56.77999878,118.2900009,Shipping canceled,0,Men's Footwear,Gardena,EE. UU.,2219,Chung,CA,90247,2/28/2015 17:05,León,México,4023,11.69999981,0.090000004,9996,129.9900055,1,129.9900055,118.2900009,Nike Men's CJ Elite 2 TD Football Cleat,03/04/2015 17:05,Second Class,1,kg
TRANSFER,6,2,-22.55999947,123.2900009,Late delivery,1,DVDs,Denver,EE. UU.,15233,Compton,CO,80219,11/12/2017 8:20,Yogyakarta,Indonesia,71680,41.09999847,0.25,174995,164.3800049,1,164.3800049,123.2900009,DVDs ,11/18/2017 8:20,Second Class,1,kg
TRANSFER,6,2,7.46999979,99.58000183,Late delivery,1,Cleats,Strongsville,EE. UU.,8720,Alvarado,OH,44136,11/27/2016 15:50,Radom,Polonia,47725,20.39999962,0.170000002,119341,59.99000168,2,119.9800034,99.58000183,Perfect Fitness Perfect Rip Deck,12/03/2016 15:50,Second Class,1,kg
TRANSFER,6,2,16.04000092,98.37999725,Late delivery,1,Cleats,Strongsville,EE. UU.,8720,Alvarado,OH,44136,11/27/2016 15:50,Radom,Polonia,47725,21.60000038,0.180000007,119340,59.99000168,2,119.9800034,98.37999725,Perfect Fitness Perfect Rip Deck,12/03/2016 15:50,Second Class,1,kg
TRANSFER,6,2,19.85000038,105.5800018,Late delivery,1,Cleats,Gardena,EE. UU.,2906,Smith,CA,90247,8/19/2015 11:35,Bochum,Alemania,15790,14.39999962,0.119999997,39471,59.99000168,2,119.9800034,105.5800018,Perfect Fitness Perfect Rip Deck,8/25/2015 11:35,Second Class,1,kg
TRANSFER,2,4,-104.9899979,149.9900055,Advance shipping,0,Water Sports,Princeton,EE. UU.,9309,Wilson,NJ,8540,1/30/2017 5:56,Potosí,Bolivia,52081,50,0.25,130126,199.9900055,1,199.9900055,149.9900055,Pelican Sunstream 100 Kayak,02/01/2017 5:56,Standard Class,1,kg
DEBIT,2,1,10.71000004,169.9900055,Late delivery,1,Water Sports,Napa,EE. UU.,106,Freeman,CA,94558,1/15/2017 1:35,Bishkek,Kirguistán,51041,30,0.150000006,127571,199.9900055,1,199.9900055,169.9900055,Pelican Sunstream 100 Kayak,1/17/2017 1:35,First Class,1,kg
DEBIT,2,1,-52.20000076,173.9900055,Late delivery,1,Water Sports,Cleveland,EE. UU.,2802,Smith,OH,44109,12/22/2016 8:37,Estambul,Turquía,49417,26,0.129999995,123525,199.9900055,1,199.9900055,173.9900055,Pelican Sunstream 100 Kayak,12/24/2016 8:37,First Class,1,kg
PAYMENT,3,4,-34.59000015,185.9900055,Advance shipping,0,Water Sports,Caguas,Puerto Rico,1619,Smith,PR,725,12/13/2016 12:40,Regina,Canada,48812,14,0.07,122075,199.9900055,1,199.9900055,185.9900055,Pelican Sunstream 100 Kayak,12/16/2016 12:40,Standard Class,1,kg
PAYMENT,3,4,18.20000076,181.9900055,Advance shipping,0,Water Sports,Caguas,Puerto Rico,1619,Smith,PR,725,12/13/2016 12:40,Regina,Canada,48812,18,0.090000004,122072,199.9900055,1,199.9900055,181.9900055,Pelican Sunstream 100 Kayak,12/16/2016 12:40,Standard Class,1,kg
DEBIT,3,4,74.69999695,165.9900055,Advance shipping,0,Water Sports,Fresno,EE. UU.,974,Smith,CA,93727,12/13/2016 7:24,Kigali,Ruanda,48797,34,0.170000002,122040,199.9900055,1,199.9900055,165.9900055,Pelican Sunstream 100 Kayak,12/16/2016 7:24,Standard Class,1,kg
DEBIT,5,2,64.01999664,193.9900055,Late delivery,1,Water Sports,Bakersfield,EE. UU.,10720,Gibbs,CA,93304,12/07/2016 4:58,Casablanca,Marruecos,48379,6,0.029999999,121003,199.9900055,1,199.9900055,193.9900055,Pelican Sunstream 100 Kayak,12/12/2016 4:58,Second Class,1,kg
TRANSFER,6,2,14.77999973,167.9900055,Late delivery,1,Water Sports,Strongsville,EE. UU.,8720,Alvarado,OH,44136,11/27/2016 15:50,Radom,Polonia,47725,32,0.159999996,119339,199.9900055,1,199.9900055,167.9900055,Pelican Sunstream 100 Kayak,12/03/2016 15:50,Second Class,1,kg
DEBIT,0,0,-260.9899902,173.9900055,Shipping on time,0,Water Sports,New Orleans,EE. UU.,2476,Smith,LA,70117,11/20/2016 8:19,Mombasa,Kenia,47224,26,0.129999995,118040,199.9900055,1,199.9900055,173.9900055,Pelican Sunstream 100 Kayak,11/20/2016 20:19,Same Day,1,kg
DEBIT,0,0,0,169.9900055,Shipping on time,0,Water Sports,New Orleans,EE. UU.,2476,Smith,LA,70117,11/20/2016 8:19,Mombasa,Kenia,47224,30,0.150000006,118038,199.9900055,1,199.9900055,169.9900055,Pelican Sunstream 100 Kayak,11/20/2016 20:19,Same Day,1,kg
CASH,2,4,73.5,149.9900055,Advance shipping,0,Water Sports,Caguas,Puerto Rico,1780,Sharp,PR,725,11/18/2016 0:57,Khomeynishahr,Irán,47066,50,0.25,117640,199.9900055,1,199.9900055,149.9900055,Pelican Sunstream 100 Kayak,11/20/2016 0:57,Standard Class,1,kg
PAYMENT,6,4,1.74000001,173.9900055,Late delivery,1,Water Sports,Simi Valley,EE. UU.,1271,Shea,CA,93065,11/17/2016 5:20,Bagdad,Irak,47010,26,0.129999995,117482,199.9900055,1,199.9900055,173.9900055,Pelican Sunstream 100 Kayak,11/23/2016 5:20,Standard Class,1,kg
DEBIT,2,1,70.5,149.9900055,Late delivery,1,Water Sports,Caguas,Puerto Rico,8849,Santos,PR,725,11/04/2016 2:02,Makurdi,Nigeria,46110,50,0.25,115278,199.9900055,1,199.9900055,149.9900055,Pelican Sunstream 100 Kayak,11/06/2016 2:02,First Class,1,kg
DEBIT,1,0,12.60000038,167.9900055,Late delivery,1,Water Sports,Caguas,Puerto Rico,10788,Prince,PR,725,11/02/2016 16:24,Ibadan,Nigeria,46014,32,0.159999996,115013,199.9900055,1,199.9900055,167.9900055,Pelican Sunstream 100 Kayak,11/03/2016 4:24,Same Day,1,kg
TRANSFER,4,4,81,179.9900055,Shipping on time,0,Water Sports,Roseburg,EE. UU.,11090,Shah,OR,97470,10/12/2016 22:33,Kinshasa,República Democrática del Congo,44593,20,0.100000001,111334,199.9900055,1,199.9900055,179.9900055,Pelican Sunstream 100 Kayak,10/16/2016 22:33,Standard Class,1,kg
PAYMENT,6,2,66.12000275,173.9900055,Late delivery,1,Water Sports,Elmhurst,EE. UU.,2189,Smith,IL,60126,10/11/2016 20:59,Pretoria,SudAfrica,44520,26,0.129999995,111156,199.9900055,1,199.9900055,173.9900055,Pelican Sunstream 100 Kayak,10/17/2016 20:59,Second Class,1,kg
DEBIT,5,4,0,191.9900055,Late delivery,1,Water Sports,Bountiful,EE. UU.,2057,Smith,UT,84010,9/25/2016 14:00,Cairo,Egipto,43404,8,0.039999999,108410,199.9900055,1,199.9900055,191.9900055,Pelican Sunstream 100 Kayak,9/30/2016 14:00,Standard Class,1,kg
TRANSFER,2,1,-140.7299957,191.9900055,Late delivery,1,Water Sports,Vacaville,EE. UU.,2754,Rich,CA,95687,9/23/2016 5:56,Randfontein,SudAfrica,43244,8,0.039999999,108027,199.9900055,1,199.9900055,191.9900055,Pelican Sunstream 100 Kayak,9/25/2016 5:56,First Class,1,kg
TRANSFER,1,0,67.90000153,193.9900055,Late delivery,1,Water Sports,Moreno Valley,EE. UU.,3402,Wilkerson,CA,92553,09/07/2016 21:23,Accra,Ghana,42192,6,0.029999999,105357,199.9900055,1,199.9900055,193.9900055,Pelican Sunstream 100 Kayak,09/08/2016 9:23,Same Day,1,kg
PAYMENT,2,1,13.05000019,173.9900055,Late delivery,1,Water Sports,Hialeah,EE. UU.,11046,Davidson,FL,33015,09/03/2016 6:19,Amasya,Turquía,41875,26,0.129999995,104530,199.9900055,1,199.9900055,173.9900055,Pelican Sunstream 100 Kayak,09/05/2016 6:19,First Class,1,kg
PAYMENT,2,1,63.75,169.9900055,Late delivery,1,Water Sports,Hialeah,EE. UU.,11046,Davidson,FL,33015,09/03/2016 6:19,Amasya,Turquía,41875,30,0.150000006,104528,199.9900055,1,199.9900055,169.9900055,Pelican Sunstream 100 Kayak,09/05/2016 6:19,First Class,1,kg
TRANSFER,2,1,55.79999924,179.9900055,Late delivery,1,Water Sports,Caguas,Puerto Rico,5624,Mata,PR,725,8/27/2016 1:57,Riyadh,Arabia Saudí,41383,20,0.100000001,103292,199.9900055,1,199.9900055,179.9900055,Pelican Sunstream 100 Kayak,8/29/2016 1:57,First Class,1,kg
DEBIT,5,2,69.75,185.9900055,Late delivery,1,Water Sports,Aurora,EE. UU.,4172,Ochoa,CO,80012,8/23/2016 8:58,Dallas,Estados Unidos,41129,14,0.07,102673,199.9900055,1,199.9900055,185.9900055,Pelican Sunstream 100 Kayak,8/28/2016 8:58,Second Class,1,kg
DEBIT,4,4,22.10000038,169.9900055,Shipping on time,0,Water Sports,Hamtramck,EE. UU.,7839,Wells,MI,48212,8/18/2016 5:59,Dallas,Estados Unidos,40778,30,0.150000006,101771,199.9900055,1,199.9900055,169.9900055,Pelican Sunstream 100 Kayak,8/22/2016 5:59,Standard Class,1,kg
DEBIT,4,4,65.51999664,167.9900055,Shipping on time,0,Water Sports,Hamtramck,EE. UU.,7839,Wells,MI,48212,8/18/2016 5:59,Dallas,Estados Unidos,40778,32,0.159999996,101769,199.9900055,1,199.9900055,167.9900055,Pelican Sunstream 100 Kayak,8/22/2016 5:59,Standard Class,1,kg
DEBIT,0,0,60.45000076,185.9900055,Shipping on time,0,Water Sports,Caguas,Puerto Rico,8645,Johnston,PR,725,04/04/2015 10:33,Chihuahua,México,6402,14,0.07,16029,199.9900055,1,199.9900055,185.9900055,Pelican Sunstream 100 Kayak,04/04/2015 22:33,Same Day,1,kg
CASH,3,4,65.09999847,185.9900055,Advance shipping,0,Water Sports,Caguas,Puerto Rico,10074,Chen,PR,725,04/03/2015 8:16,Los Mochis,México,6327,14,0.07,15835,199.9900055,1,199.9900055,185.9900055,Pelican Sunstream 100 Kayak,04/06/2015 8:16,Standard Class,1,kg
CASH,2,1,35.72000122,189.9900055,Late delivery,1,Water Sports,La Crosse,EE. UU.,9119,Smith,WI,54601,3/30/2015 16:41,Maracay,Venezuela,6077,10,0.050000001,15167,199.9900055,1,199.9900055,189.9900055,Pelican Sunstream 100 Kayak,04/01/2015 16:41,First Class,1,kg
PAYMENT,2,1,88,175.9900055,Late delivery,1,Water Sports,Peoria,EE. UU.,1232,Smith,AZ,85345,3/29/2015 11:57,Mexico City,México,5995,24,0.119999997,14928,199.9900055,1,199.9900055,175.9900055,Pelican Sunstream 100 Kayak,3/31/2015 11:57,First Class,1,kg
TRANSFER,2,2,83.51999664,173.9900055,Shipping on time,0,Water Sports,Tonawanda,EE. UU.,4458,Smith,NY,14150,3/26/2015 7:14,Guadalajara,México,5776,26,0.129999995,14379,199.9900055,1,199.9900055,173.9900055,Pelican Sunstream 100 Kayak,3/28/2015 7:14,Second Class,1,kg
DEBIT,2,4,-46.5,185.9900055,Advance shipping,0,Water Sports,Detroit,EE. UU.,7544,Smith,MI,48238,3/23/2015 5:40,Miramar,México,5566,14,0.07,13884,199.9900055,1,199.9900055,185.9900055,Pelican Sunstream 100 Kayak,3/25/2015 5:40,Standard Class,1,kg
DEBIT,2,1,72.59999847,199.9900055,Late delivery,1,Water Sports,Lockport,EE. UU.,3441,Russell,NY,14094,03/05/2015 15:09,Mejicanos,El Salvador,4360,0,0,10924,199.9900055,1,199.9900055,199.9900055,Pelican Sunstream 100 Kayak,03/07/2015 15:09,First Class,1,kg
TRANSFER,4,2,55.09999847,189.9900055,Shipping canceled,0,Water Sports,Gardena,EE. UU.,2219,Chung,CA,90247,2/28/2015 17:05,León,México,4023,10,0.050000001,9997,199.9900055,1,199.9900055,189.9900055,Pelican Sunstream 100 Kayak,03/04/2015 17:05,Second Class,1,kg
DEBIT,2,4,-108.6299973,193.9900055,Advance shipping,0,Water Sports,Caguas,Puerto Rico,10269,Flowers,PR,725,2/24/2015 16:02,Feira de Santana,Brasil,3746,6,0.029999999,9318,199.9900055,1,199.9900055,193.9900055,Pelican Sunstream 100 Kayak,2/26/2015 16:02,Standard Class,1,kg
TRANSFER,6,2,77.08000183,163.9900055,Late delivery,1,Water Sports,Round Rock,EE. UU.,6948,Smith,TX,,2/15/2015 12:43,Valparaíso de Goiás,Brasil,3120,36,0.180000007,7774,199.9900055,1,199.9900055,163.9900055,Pelican Sunstream 100 Kayak,2/21/2015 12:43,Second Class,1,kg
TRANSFER,3,4,70,199.9900055,Advance shipping,0,Water Sports,Garden Grove,EE. UU.,687,Harrison,CA,92840,2/14/2015 9:23,São Paulo,Brasil,3042,0,0,7572,199.9900055,1,199.9900055,199.9900055,Pelican Sunstream 100 Kayak,2/17/2015 9:23,Standard Class,1,kg
TRANSFER,3,4,-24.75,197.9900055,Advance shipping,0,Water Sports,Garden Grove,EE. UU.,687,Harrison,CA,92840,2/14/2015 9:23,São Paulo,Brasil,3042,2,0.01,7570,199.9900055,1,199.9900055,197.9900055,Pelican Sunstream 100 Kayak,2/17/2015 9:23,Standard Class,1,kg
DEBIT,4,2,6.639999866,165.9900055,Late delivery,1,Water Sports,Caguas,Puerto Rico,7652,Guerrero,PR,725,02/10/2015 18:09,Tegucigalpa,Honduras,2793,34,0.170000002,7015,199.9900055,1,199.9900055,165.9900055,Pelican Sunstream 100 Kayak,2/14/2015 18:09,Second Class,1,kg
DEBIT,4,4,67.5,149.9900055,Shipping on time,0,Water Sports,Tustin,EE. UU.,4269,Calderon,CA,92780,02/01/2015 1:10,Managua,Nicaragua,2128,50,0.25,5328,199.9900055,1,199.9900055,149.9900055,Pelican Sunstream 100 Kayak,02/05/2015 1:10,Standard Class,1,kg
DEBIT,4,4,-464.980011,185.9900055,Shipping on time,0,Water Sports,Brooklyn,EE. UU.,9695,Cruz,NY,11216,1/26/2015 19:03,Vitória da Conquista,Brasil,1768,14,0.07,4403,199.9900055,1,199.9900055,185.9900055,Pelican Sunstream 100 Kayak,1/30/2015 19:03,Standard Class,1,kg
CASH,4,4,19.88999939,175.9900055,Shipping on time,0,Water Sports,Irwin,EE. UU.,7595,Meyer,PA,15642,1/21/2015 16:26,La Paz,Bolivia,1418,24,0.119999997,3513,199.9900055,1,199.9900055,175.9900055,Pelican Sunstream 100 Kayak,1/25/2015 16:26,Standard Class,1,kg
CASH,2,2,-17,169.9900055,Shipping on time,0,Water Sports,Columbus,EE. UU.,267,Smith,OH,43229,1/21/2015 10:28,Orizaba,México,1401,30,0.150000006,3469,199.9900055,1,199.9900055,169.9900055,Pelican Sunstream 100 Kayak,1/23/2015 10:28,Second Class,1,kg
TRANSFER,5,4,-32.54999924,185.9900055,Late delivery,1,Water Sports,Caguas,Puerto Rico,1473,Young,PR,725,01/06/2015 19:26,Córdoba,México,399,14,0.07,992,199.9900055,1,199.9900055,185.9900055,Pelican Sunstream 100 Kayak,01/11/2015 19:26,Standard Class,1,kg
TRANSFER,4,4,106.8300018,237.4100037,Shipping on time,0,Indoor/Outdoor Games,Caguas,Puerto Rico,10906,Smith,PR,725,09/02/2017 10:43,El Prat de Llobregat,España,66823,12.5,0.050000001,167035,49.97999954,5,249.8999939,237.4100037,O'Brien Men's Neoprene Life Vest,09/06/2017 10:43,Standard Class,1,kg
TRANSFER,6,4,1.190000057,47.47999954,Late delivery,1,Indoor/Outdoor Games,Cleveland,EE. UU.,6326,Harris,OH,44118,8/19/2017 5:50,Ghent,Bélgica,65850,2.5,0.050000001,164565,49.97999954,1,49.97999954,47.47999954,O'Brien Men's Neoprene Life Vest,8/25/2017 5:50,Standard Class,1,kg
DEBIT,4,4,55.41999817,197.9199982,Shipping on time,0,Indoor/Outdoor Games,Mount Pleasant,EE. UU.,11899,Taylor,MI,48858,08/11/2017 21:57,Getxo,España,65348,2,0.01,163327,49.97999954,4,199.9199982,197.9199982,O'Brien Men's Neoprene Life Vest,8/15/2017 21:57,Standard Class,1,kg
PAYMENT,5,4,-25.97999954,148.4400024,Late delivery,1,Indoor/Outdoor Games,Caguas,Puerto Rico,11329,Smith,PR,725,08/09/2017 16:00,Limoges,Francia,65194,1.5,0.01,162933,49.97999954,3,149.9400024,148.4400024,O'Brien Men's Neoprene Life Vest,8/14/2017 16:00,Standard Class,1,kg
DEBIT,2,4,-16.77000046,236.1600037,Advance shipping,0,Indoor/Outdoor Games,Caguas,Puerto Rico,8800,Smith,PR,725,7/27/2017 2:53,Corbeil-Essonnes,Francia,64266,13.73999977,0.059999999,160655,49.97999954,5,249.8999939,236.1600037,O'Brien Men's Neoprene Life Vest,7/29/2017 2:53,Standard Class,1,kg
DEBIT,2,4,99.94000244,232.4100037,Advance shipping,0,Indoor/Outdoor Games,Caguas,Puerto Rico,8800,Smith,PR,725,7/27/2017 2:53,Corbeil-Essonnes,Francia,64266,17.48999977,0.07,160654,49.97999954,5,249.8999939,232.4100037,O'Brien Men's Neoprene Life Vest,7/29/2017 2:53,Standard Class,1,kg
DEBIT,5,2,43.68000031,167.9900055,Late delivery,1,Water Sports,Caguas,Puerto Rico,5751,Pierce,PR,725,06/12/2016 16:46,Huntsville,Estados Unidos,36219,32,0.159999996,90437,199.9900055,1,199.9900055,167.9900055,Pelican Sunstream 100 Kayak,6/17/2016 16:46,Second Class,1,kg
TRANSFER,5,4,83.51999664,173.9900055,Late delivery,1,Water Sports,Lewisville,EE. UU.,6349,Smith,TX,75067,5/25/2016 3:50,Detroit,Estados Unidos,34949,26,0.129999995,87313,199.9900055,1,199.9900055,173.9900055,Pelican Sunstream 100 Kayak,5/30/2016 3:50,Standard Class,1,kg
TRANSFER,3,4,54.59999847,181.9900055,Shipping canceled,0,Water Sports,Lawrence,EE. UU.,4492,Hubbard,MA,1841,05/04/2016 9:39,San Francisco,Estados Unidos,33527,18,0.090000004,83696,199.9900055,1,199.9900055,181.9900055,Pelican Sunstream 100 Kayak,05/07/2016 9:39,Standard Class,1,kg
TRANSFER,2,1,63,179.9900055,Late delivery,1,Water Sports,Jackson Heights,EE. UU.,10315,Smith,NY,11372,04/02/2016 1:17,Fort Worth,Estados Unidos,31311,20,0.100000001,78267,199.9900055,1,199.9900055,179.9900055,Pelican Sunstream 100 Kayak,04/04/2016 1:17,First Class,1,kg
PAYMENT,6,2,-22.60000038,199.9900055,Late delivery,1,Water Sports,Caguas,Puerto Rico,1679,Smith,PR,725,2/21/2016 10:58,Probolinggo,Indonesia,28530,0,0,71400,199.9900055,1,199.9900055,199.9900055,Pelican Sunstream 100 Kayak,2/27/2016 10:58,Second Class,1,kg
DEBIT,1,0,54.81000137,188.9900055,Late delivery,1,Water Sports,Brooklyn,EE. UU.,517,Russell,NY,11211,1/20/2016 21:11,Chittagong,Bangladés,26367,11,0.059999999,65997,199.9900055,1,199.9900055,188.9900055,Pelican Sunstream 100 Kayak,1/21/2016 9:11,Same Day,1,kg
PAYMENT,5,2,74.69999695,165.9900055,Late delivery,1,Water Sports,Wayne,EE. UU.,317,Salazar,NJ,7470,1/13/2016 12:57,Tasikmalaya,Indonesia,25864,34,0.170000002,64732,199.9900055,1,199.9900055,165.9900055,Pelican Sunstream 100 Kayak,1/18/2016 12:57,Second Class,1,kg
TRANSFER,1,0,27.20000076,169.9900055,Late delivery,1,Water Sports,Irving,EE. UU.,8377,Christian,TX,75060,01/11/2016 21:43,Brisbane,Australia,25752,30,0.150000006,64492,199.9900055,1,199.9900055,169.9900055,Pelican Sunstream 100 Kayak,01/12/2016 9:43,Same Day,1,kg
DEBIT,2,2,20,159.9900055,Shipping on time,0,Water Sports,Chicago,EE. UU.,750,Smith,IL,60628,01/10/2016 15:35,Brisbane,Australia,25666,40,0.200000003,64280,199.9900055,1,199.9900055,159.9900055,Pelican Sunstream 100 Kayak,01/12/2016 15:35,Second Class,1,kg
DEBIT,4,2,92.25,205,Late delivery,1,Women's Apparel,Bronx,EE. UU.,2375,Smith,NY,10467,08/10/2017 2:10,Espoo,Finlandia,65223,45,0.180000007,163000,50,5,250,205,Nike Men's Dri-FIT Victory Golf Polo,8/14/2017 2:10,Second Class,1,kg
DEBIT,3,2,47.50999832,175.9600067,Late delivery,1,Shop By Sport,Phoenix,EE. UU.,6532,Dixon,AZ,85022,04/01/2016 1:06,Timaru,Nueva Zelanda,31242,23.98999977,0.119999997,78086,39.99000168,5,199.9499969,175.9600067,Under Armour Girls' Toddler Spine Surge Runni,04/04/2016 1:06,Second Class,1,kg
DEBIT,2,4,129.3600006,1470,Advance shipping,0,Computers,Catonsville,EE. UU.,14129,Fleming,MD,21228,10/27/2017 5:33,Glasgow,Reino Unido,70576,30,0.02,173891,1500,1,1500,1470,Dell Laptop,10/29/2017 5:33,Standard Class,1,kg
DEBIT,6,4,8.359999657,94.98999786,Late delivery,1,Cardio Equipment,Clementon,EE. UU.,4353,Sutton,NJ,8021,06/06/2015 4:20,Montfermeil,Francia,10700,5,0.050000001,26782,99.98999786,1,99.98999786,94.98999786,Nike Men's Free 5.0+ Running Shoe,06/12/2015 4:20,Standard Class,1,kg
DEBIT,6,4,63.70000076,127.3899994,Late delivery,1,Men's Footwear,Anaheim,EE. UU.,2675,Reynolds,CA,92804,09/02/2015 10:10,Narbonne,Francia,16745,2.599999905,0.02,41845,129.9900055,1,129.9900055,127.3899994,Nike Men's CJ Elite 2 TD Football Cleat,09/08/2015 10:10,Standard Class,1,kg
DEBIT,6,4,15.13000011,58.18999863,Late delivery,1,Cleats,Anaheim,EE. UU.,2675,Reynolds,CA,92804,09/02/2015 10:10,Narbonne,Francia,16745,1.799999952,0.029999999,41846,59.99000168,1,59.99000168,58.18999863,Perfect Fitness Perfect Rip Deck,09/08/2015 10:10,Standard Class,1,kg
DEBIT,6,4,57.95999908,118.2900009,Late delivery,1,Men's Footwear,Newark,EE. UU.,10149,Smith,DE,19702,8/15/2015 2:29,Rostock,Alemania,15490,11.69999981,0.090000004,38719,129.9900055,1,129.9900055,118.2900009,Nike Men's CJ Elite 2 TD Football Cleat,8/21/2015 2:29,Standard Class,1,kg
DEBIT,4,4,-72,359.980011,Shipping on time,0,Fishing,Tempe,EE. UU.,5246,Smith,AZ,85281,8/25/2015 17:32,Marbella,España,16218,40,0.100000001,40485,399.980011,1,399.980011,359.980011,Field & Stream Sportsman 16 Gun Fire Safe,8/29/2015 17:32,Standard Class,1,kg
DEBIT,6,4,-251.9900055,359.980011,Late delivery,1,Fishing,Clementon,EE. UU.,4353,Sutton,NJ,8021,06/06/2015 4:20,Montfermeil,Francia,10700,40,0.100000001,26781,399.980011,1,399.980011,359.980011,Field & Stream Sportsman 16 Gun Fire Safe,06/12/2015 4:20,Standard Class,1,kg
DEBIT,3,4,49.13999939,109.1900024,Advance shipping,0,Men's Footwear,Brooklyn,EE. UU.,2687,Smith,NY,11226,05/04/2015 17:31,Villa Nueva,Guatemala,8477,20.79999924,0.159999996,21163,129.9900055,1,129.9900055,109.1900024,Nike Men's CJ Elite 2 TD Football Cleat,05/07/2015 17:31,Standard Class,1,kg
DEBIT,2,4,50.70999908,107.8899994,Advance shipping,0,Men's Footwear,Detroit,EE. UU.,7544,Smith,MI,48238,3/23/2015 5:40,Miramar,México,5566,22.10000038,0.170000002,13881,129.9900055,1,129.9900055,107.8899994,Nike Men's CJ Elite 2 TD Football Cleat,3/25/2015 5:40,Standard Class,1,kg
DEBIT,2,4,37.31000137,106.5899963,Advance shipping,0,Men's Footwear,Detroit,EE. UU.,7544,Smith,MI,48238,3/23/2015 5:40,Miramar,México,5566,23.39999962,0.180000007,13880,129.9900055,1,129.9900055,106.5899963,Nike Men's CJ Elite 2 TD Football Cleat,3/25/2015 5:40,Standard Class,1,kg
DEBIT,3,4,19.73999977,42,Advance shipping,0,Women's Apparel,Las Vegas,EE. UU.,11825,Nunez,NV,89117,03/03/2017 21:18,Santo Domingo,República Dominicana,54317,8,0.159999996,135831,50,1,50,42,Nike Men's Dri-FIT Victory Golf Polo,03/06/2017 21:18,Standard Class,1,kg
DEBIT,2,4,-63.88999939,391.980011,Advance shipping,0,Fishing,West Lafayette,EE. UU.,10462,Smith,IN,47906,02/01/2015 16:14,Mixco,Guatemala,2171,8,0.02,5431,399.980011,1,399.980011,391.980011,Field & Stream Sportsman 16 Gun Fire Safe,02/03/2015 16:14,Standard Class,1000,kg
TRANSFER,6,2,97.43000031,335.9700012,Late delivery,1,Cardio Equipment,Strongsville,EE. UU.,8720,Alvarado,OH,44136,11/27/2016 15:50,Radom,Polonia,47725,63.99000168,0.159999996,119342,99.98999786,4,399.9599915,335.9700012,Nike Men's Free 5.0+ Running Shoe,12/03/2016 15:50,Second Class,1,kg
TRANSFER,6,2,81.66000366,224.9600067,Late delivery,1,Cleats,Gardena,EE. UU.,2906,Smith,CA,90247,8/19/2015 11:35,Bochum,Alemania,15790,74.98999786,0.25,39474,59.99000168,5,299.9500122,224.9600067,Perfect Fitness Perfect Rip Deck,8/25/2015 11:35,Second Class,1,kg
TRANSFER,4,2,76.55000305,263.9599915,Shipping canceled,0,Cleats,Gardena,EE. UU.,2219,Chung,CA,90247,2/28/2015 17:05,León,México,4023,35.99000168,0.119999997,9995,59.99000168,5,299.9500122,263.9599915,Perfect Fitness Perfect Rip Deck,03/04/2015 17:05,Second Class,1,kg
TRANSFER,4,4,39.84000015,82.98999786,Shipping on time,0,Cardio Equipment,Pompano Beach,EE. UU.,1537,Murray,FL,33064,8/13/2015 4:14,Carcassonne,Francia,15358,17,0.170000002,38403,99.98999786,1,99.98999786,82.98999786,Nike Men's Free 5.0+ Running Shoe,8/17/2015 4:14,Standard Class,1,kg
TRANSFER,4,4,34.58000183,123.4899979,Shipping on time,0,Men's Footwear,New Orleans,EE. UU.,8508,Smith,LA,70117,9/24/2015 12:14,Le Plessis-Robinson,Francia,18258,6.5,0.050000001,45629,129.9900055,1,129.9900055,123.4899979,Nike Men's CJ Elite 2 TD Football Cleat,9/28/2015 12:14,Standard Class,1,kg
TRANSFER,4,4,24.84000015,53.99000168,Shipping on time,0,Cleats,Pompano Beach,EE. UU.,1537,Murray,FL,33064,8/13/2015 4:14,Carcassonne,Francia,15358,6,0.100000001,38402,59.99000168,1,59.99000168,53.99000168,Perfect Fitness Perfect Rip Deck,8/17/2015 4:14,Standard Class,1,kg
TRANSFER,6,4,-175.8800049,106.5899963,Late delivery,1,Men's Footwear,Folsom,EE. UU.,6386,Smith,CA,95630,07/03/2015 13:13,Madrid,España,12575,23.39999962,0.180000007,31473,129.9900055,1,129.9900055,106.5899963,Nike Men's CJ Elite 2 TD Football Cleat,07/09/2015 13:13,Standard Class,1,kg
TRANSFER,3,4,35.61999893,284.980011,Advance shipping,0,Camping & Hiking,Newark,EE. UU.,5941,Smith,OH,43055,6/17/2015 3:47,Cognac,Francia,11452,15,0.050000001,28648,299.980011,1,299.980011,284.980011,Diamondback Women's Serene Classic Comfort Bi,6/20/2015 3:47,Standard Class,1,kg
TRANSFER,6,4,84.5,269.980011,Late delivery,1,Camping & Hiking,Folsom,EE. UU.,6386,Smith,CA,95630,07/03/2015 13:13,Madrid,España,12575,30,0.100000001,31475,299.980011,1,299.980011,269.980011,Diamondback Women's Serene Classic Comfort Bi,07/09/2015 13:13,Standard Class,1,kg
TRANSFER,3,4,-14.61999989,339.980011,Advance shipping,0,Fishing,Newark,EE. UU.,5941,Smith,OH,43055,6/17/2015 3:47,Cognac,Francia,11452,60,0.150000006,28650,399.980011,1,399.980011,339.980011,Field & Stream Sportsman 16 Gun Fire Safe,6/20/2015 3:47,Standard Class,1,kg
TRANSFER,6,4,9.279999733,54.59000015,Late delivery,1,Cleats,Dallas,EE. UU.,3022,Smith,TX,75216,5/22/2015 6:59,Juárez,México,9680,5.400000095,0.090000004,24173,59.99000168,1,59.99000168,54.59000015,Perfect Fitness Perfect Rip Deck,5/28/2015 6:59,Standard Class,1,kg
TRANSFER,2,4,54.99000168,116.9899979,Advance shipping,0,Men's Footwear,San Jose,EE. UU.,11051,Horn,CA,95112,1/28/2015 5:23,Sonsonate,El Salvador,1866,13,0.100000001,4667,129.9900055,1,129.9900055,116.9899979,Nike Men's CJ Elite 2 TD Football Cleat,1/30/2015 5:23,Standard Class,1,kg
TRANSFER,2,4,4.409999847,70,Advance shipping,0,Girls' Apparel,San Jose,EE. UU.,11051,Horn,CA,95112,1/28/2015 5:23,Sonsonate,El Salvador,1866,0,0,4665,70,1,70,70,adidas Youth Germany Black/Red Away Match Soc,1/30/2015 5:23,Standard Class,1,kg
TRANSFER,2,4,-36.02999878,251.9799957,Advance shipping,0,Camping & Hiking,San Jose,EE. UU.,11051,Horn,CA,95112,1/28/2015 5:23,Sonsonate,El Salvador,1866,48,0.159999996,4666,299.980011,1,299.980011,251.9799957,Diamondback Women's Serene Classic Comfort Bi,1/30/2015 5:23,Standard Class,1,kg
TRANSFER,4,4,15.43999958,59.38999939,Shipping canceled,0,Cleats,Bowling Green,EE. UU.,11492,Allen,KY,42101,4/29/2017 9:29,Managua,Nicaragua,58188,0.600000024,0.01,145611,59.99000168,1,59.99000168,59.38999939,Perfect Fitness Perfect Rip Deck,05/03/2017 9:29,Standard Class,1,kg
TRANSFER,4,4,2.529999971,58.79000092,Shipping canceled,0,Cleats,Bowling Green,EE. UU.,11492,Allen,KY,42101,4/29/2017 9:29,Managua,Nicaragua,58188,1.200000048,0.02,145609,59.99000168,1,59.99000168,58.79000092,Perfect Fitness Perfect Rip Deck,05/03/2017 9:29,Standard Class,1,kg
TRANSFER,4,4,87.13999939,248.9799957,Shipping canceled,0,Camping & Hiking,Bowling Green,EE. UU.,11492,Allen,KY,42101,4/29/2017 9:29,Managua,Nicaragua,58188,51,0.170000002,145608,299.980011,1,299.980011,248.9799957,Diamondback Women's Serene Classic Comfort Bi,05/03/2017 9:29,Standard Class,1,kg
TRANSFER,2,4,44.15999985,95.98999786,Advance shipping,0,Cardio Equipment,South El Monte,EE. UU.,5534,Smith,CA,91733,11/24/2016 5:51,Estambul,Turquía,47491,4,0.039999999,118723,99.98999786,1,99.98999786,95.98999786,Nike Men's Free 5.0+ Running Shoe,11/26/2016 5:51,Standard Class,1,kg
TRANSFER,2,4,44.59000015,122.8399963,Advance shipping,0,Men's Footwear,Milpitas,EE. UU.,1002,Lowe,CA,95035,12/28/2015 12:16,Seúl,Corea del Sur,24766,7.150000095,0.059999999,62044,129.9900055,1,129.9900055,122.8399963,Nike Men's CJ Elite 2 TD Football Cleat,12/30/2015 12:16,Standard Class,1,kg
TRANSFER,2,4,24.18000031,120.8899994,Advance shipping,0,Men's Footwear,Milpitas,EE. UU.,1002,Lowe,CA,95035,12/28/2015 12:16,Seúl,Corea del Sur,24766,9.100000381,0.07,62043,129.9900055,1,129.9900055,120.8899994,Nike Men's CJ Elite 2 TD Football Cleat,12/30/2015 12:16,Standard Class,1,kg
TRANSFER,3,4,3.180000067,36.16999817,Advance shipping,0,Video Games,El Centro,EE. UU.,17165,Burt,CA,92243,12/10/2017 13:12,Kunming,China,73612,3.579999924,0.090000004,176927,39.75,1,39.75,36.16999817,Fighting video games,12/13/2017 13:12,Standard Class,1,kg
TRANSFER,4,4,17.71999931,156.7799988,Shipping on time,0,Soccer,Highland,EE. UU.,12101,Smith,CA,92346,6/25/2017 4:20,Viena,Austria,62078,3.200000048,0.02,155224,79.98999786,2,159.9799957,156.7799988,Elevation Training Mask 2.0,6/29/2017 4:20,Standard Class,1,kg
TRANSFER,6,4,-89.08999634,197.9799957,Late delivery,1,Cardio Equipment,Folsom,EE. UU.,6386,Smith,CA,95630,07/03/2015 13:13,Madrid,España,12575,2,0.01,31472,99.98999786,2,199.9799957,197.9799957,Nike Men's Free 5.0+ Running Shoe,07/09/2015 13:13,Standard Class,1,kg
TRANSFER,2,4,10.17000008,89.98999786,Advance shipping,0,Cleats,Apex,EE. UU.,7249,Luna,NC,27502,09/11/2015 2:58,London,Reino Unido,17341,30,0.25,43344,59.99000168,2,119.9800034,89.98999786,Perfect Fitness Perfect Rip Deck,9/13/2015 2:58,Standard Class,1,kg
TRANSFER,6,4,21.03000069,67.18000031,Late delivery,1,Shop By Sport,Folsom,EE. UU.,6386,Smith,CA,95630,07/03/2015 13:13,Madrid,España,12575,12.80000019,0.159999996,31474,39.99000168,2,79.98000336,67.18000031,Under Armour Girls' Toddler Spine Surge Runni,07/09/2015 13:13,Standard Class,1,kg
PAYMENT,6,4,182.3999939,379.9899902,Late delivery,1,Kids' Golf Clubs,Mount Pleasant,EE. UU.,3334,Smith,MI,48858,9/21/2017 23:08,Biarritz,Francia,68160,20,0.050000001,170420,399.9899902,1,399.9899902,379.9899902,Garmin Forerunner 910XT GPS Watch,9/27/2017 23:08,Standard Class,1,kg
PAYMENT,6,4,9.010000229,128.6900024,Late delivery,1,Men's Footwear,San Antonio,EE. UU.,9629,Smith,TX,78201,2/21/2017 22:22,Querétaro,México,53635,1.299999952,0.01,134073,129.9900055,1,129.9900055,128.6900024,Nike Men's CJ Elite 2 TD Football Cleat,2/27/2017 22:22,Standard Class,1,kg
PAYMENT,5,4,46.79999924,124.7900009,Late delivery,1,Men's Footwear,Simi Valley,EE. UU.,11764,Barnes,CA,93063,3/29/2017 0:36,La Chorrera,Panamá,56039,5.199999809,0.039999999,140114,129.9900055,1,129.9900055,124.7900009,Nike Men's CJ Elite 2 TD Football Cleat,04/03/2017 0:36,Standard Class,1,kg
PAYMENT,6,4,31.20000076,124.7900009,Late delivery,1,Men's Footwear,Findlay,EE. UU.,8522,Smith,OH,45840,06/05/2017 17:19,Mexico City,México,60745,5.199999809,0.039999999,152022,129.9900055,1,129.9900055,124.7900009,Nike Men's CJ Elite 2 TD Football Cleat,06/11/2017 17:19,Standard Class,1,kg
PAYMENT,3,4,47.15000153,120.8899994,Advance shipping,0,Men's Footwear,Endicott,EE. UU.,6050,Arnold,NY,13760,1/28/2015 7:29,Medellín,Colombia,1872,9.100000381,0.07,4684,129.9900055,1,129.9900055,120.8899994,Nike Men's CJ Elite 2 TD Football Cleat,1/31/2015 7:29,Standard Class,1,kg
PAYMENT,6,4,23.28000069,47.5,Late delivery,1,Women's Apparel,Findlay,EE. UU.,8522,Smith,OH,45840,06/05/2017 17:19,Mexico City,México,60745,2.5,0.050000001,152026,50,1,50,47.5,Nike Men's Dri-FIT Victory Golf Polo,06/11/2017 17:19,Standard Class,1,kg
PAYMENT,6,4,94,199.9900055,Late delivery,1,Trade-In,Metairie,EE. UU.,6441,Harris,LA,70003,06/10/2017 7:41,San Francisco de Macorís,República Dominicana,61060,50,0.200000003,152756,249.9900055,1,249.9900055,199.9900055,Garmin Approach S3 Golf GPS Watch,6/16/2017 7:41,Standard Class,1,kg
PAYMENT,4,4,26.32999992,124.7900009,Shipping on time,0,Men's Footwear,Sandusky,EE. UU.,9043,Norris,OH,44870,09/02/2016 20:52,Tabuk,Arabia Saudí,41848,5.199999809,0.039999999,104458,129.9900055,1,129.9900055,124.7900009,Nike Men's CJ Elite 2 TD Football Cleat,09/06/2016 20:52,Standard Class,1,kg
PAYMENT,4,4,33.79999924,103.9899979,Shipping on time,0,Men's Footwear,Lombard,EE. UU.,7331,Strong,IL,60148,10/30/2015 8:20,Shantou,China,20713,26,0.200000003,51758,129.9900055,1,129.9900055,103.9899979,Nike Men's CJ Elite 2 TD Football Cleat,11/03/2015 8:20,Standard Class,1,kg
PAYMENT,6,4,-146.2400055,97.48999786,Late delivery,1,Men's Footwear,Augusta,EE. UU.,3475,Smith,GA,30907,01/04/2017 12:59,Denizli,Turquía,50320,32.5,0.25,125743,129.9900055,1,129.9900055,97.48999786,Nike Men's CJ Elite 2 TD Football Cleat,01/10/2017 12:59,Standard Class,1,kg
PAYMENT,3,4,0.779999971,38.79000092,Advance shipping,0,Girls' Apparel,Quincy,EE. UU.,7410,Smith,IL,62301,10/27/2015 20:25,Bangkok,Tailandia,20542,1.200000048,0.029999999,51312,39.99000168,1,39.99000168,38.79000092,TYR Boys' Team Digi Jammer,10/30/2015 20:25,Standard Class,1,kg
PAYMENT,6,4,9.409999847,33.59000015,Late delivery,1,Shop By Sport,North Richland Hills,EE. UU.,5369,Short,TX,76180,12/13/2015 0:34,Melbourne,Australia,23705,6.400000095,0.159999996,59303,39.99000168,1,39.99000168,33.59000015,Under Armour Girls' Toddler Spine Surge Runni,12/19/2015 0:34,Standard Class,1,kg
PAYMENT,6,4,7.599999905,15.82999992,Late delivery,1,Trade-In,North Richland Hills,EE. UU.,5369,Short,TX,76180,12/13/2015 0:34,Melbourne,Australia,23705,0.159999996,0.01,59302,15.98999977,1,15.98999977,15.82999992,Glove It Imperial Golf Towel,12/19/2015 0:34,Standard Class,1,kg
PAYMENT,4,4,191.9900055,399.980011,Shipping on time,0,Fishing,Lombard,EE. UU.,7331,Strong,IL,60148,10/30/2015 8:20,Shantou,China,20713,0,0,51755,399.980011,1,399.980011,399.980011,Field & Stream Sportsman 16 Gun Fire Safe,11/03/2015 8:20,Standard Class,1,kg
PAYMENT,3,4,139.9900055,399.980011,Advance shipping,0,Fishing,Quincy,EE. UU.,7410,Smith,IL,62301,10/27/2015 20:25,Bangkok,Tailandia,20542,0,0,51311,399.980011,1,399.980011,399.980011,Field & Stream Sportsman 16 Gun Fire Safe,10/30/2015 20:25,Standard Class,1,kg
PAYMENT,3,4,186.1100006,395.980011,Advance shipping,0,Fishing,Quincy,EE. UU.,7410,Smith,IL,62301,10/27/2015 20:25,Bangkok,Tailandia,20542,4,0.01,51310,399.980011,1,399.980011,395.980011,Field & Stream Sportsman 16 Gun Fire Safe,10/30/2015 20:25,Standard Class,1,kg
PAYMENT,4,4,96.01999664,290.980011,Shipping on time,0,Camping & Hiking,Lombard,EE. UU.,7331,Strong,IL,60148,10/30/2015 8:20,Shantou,China,20713,9,0.029999999,51759,299.980011,1,299.980011,290.980011,Diamondback Women's Serene Classic Comfort Bi,11/03/2015 8:20,Standard Class,1,kg
PAYMENT,5,4,171.0700073,363.980011,Late delivery,1,Fishing,Plainfield,EE. UU.,6038,Brooks,NJ,7060,11/14/2015 13:02,Bekasi,Indonesia,21754,36,0.090000004,54423,399.980011,1,399.980011,363.980011,Field & Stream Sportsman 16 Gun Fire Safe,11/19/2015 13:02,Standard Class,1,kg
PAYMENT,4,4,32.13000107,94.5,Shipping on time,0,Women's Apparel,Austin,EE. UU.,2130,Smith,TX,78745,11/14/2016 20:35,Cairo,Egipto,46848,5.5,0.059999999,117112,50,2,100,94.5,Nike Men's Dri-FIT Victory Golf Polo,11/18/2016 20:35,Standard Class,1,kg
PAYMENT,4,4,65.98999786,199.9799957,Shipping on time,0,Cardio Equipment,Lombard,EE. UU.,7331,Strong,IL,60148,10/30/2015 8:20,Shantou,China,20713,0,0,51756,99.98999786,2,199.9799957,199.9799957,Nike Men's Free 5.0+ Running Shoe,11/03/2015 8:20,Standard Class,1,kg
PAYMENT,2,2,63.34000015,140.7599945,Shipping on time,0,Shop By Sport,Caguas,Puerto Rico,2220,Smith,PR,725,3/31/2015 13:21,Managua,Nicaragua,6136,19.20000076,0.119999997,15347,39.99000168,4,159.9600067,140.7599945,Under Armour Girls' Toddler Spine Surge Runni,04/02/2015 13:21,Second Class,1,kg
PAYMENT,2,2,223.2299957,474.9500122,Shipping on time,0,Cardio Equipment,Caguas,Puerto Rico,2220,Smith,PR,725,3/31/2015 13:21,Managua,Nicaragua,6136,25,0.050000001,15348,99.98999786,5,499.9500122,474.9500122,Nike Men's Free 5.0+ Running Shoe,04/02/2015 13:21,Second Class,1,kg
PAYMENT,2,2,19.53000069,278.9500122,Shipping on time,0,Cleats,Caguas,Puerto Rico,2220,Smith,PR,725,3/31/2015 13:21,Managua,Nicaragua,6136,21,0.07,15346,59.99000168,5,299.9500122,278.9500122,Perfect Fitness Perfect Rip Deck,04/02/2015 13:21,Second Class,1,kg
PAYMENT,4,4,3.089999914,49,Shipping on time,0,Women's Apparel,Caguas,Puerto Rico,5229,Butler,PR,725,01/06/2017 22:05,Izmir,Turquía,50483,1,0.02,126138,50,1,50,49,Nike Men's Dri-FIT Victory Golf Polo,01/10/2017 22:05,Standard Class,1,kg
PAYMENT,4,4,71.44000244,379.980011,Shipping on time,0,Fishing,Guaynabo,Puerto Rico,7730,Thompson,PR,969,01/04/2016 2:38,Jalalabad,Afganistán,25218,20,0.050000001,63198,399.980011,1,399.980011,379.980011,Field & Stream Sportsman 16 Gun Fire Safe,01/08/2016 2:38,Standard Class,1,kg
PAYMENT,6,4,17.64999962,156.1600037,Late delivery,1,DVDs,Caguas,Puerto Rico,15173,Leach,PR,725,11/11/2017 11:19,Ho Chi Minh City,Vietnam,71620,8.220000267,0.050000001,174935,164.3800049,1,164.3800049,156.1600037,DVDs ,11/17/2017 11:19,Standard Class,1,kg
PAYMENT,4,4,35.70999908,75.98000336,Shipping on time,0,Shop By Sport,Guaynabo,Puerto Rico,7730,Thompson,PR,969,01/04/2016 2:38,Jalalabad,Afganistán,25218,4,0.050000001,63201,39.99000168,2,79.98000336,75.98000336,Under Armour Girls' Toddler Spine Surge Runni,01/08/2016 2:38,Standard Class,1,kg
PAYMENT,4,4,3.960000038,132,Shipping on time,0,Women's Apparel,Guaynabo,Puerto Rico,7730,Thompson,PR,969,01/04/2016 2:38,Jalalabad,Afganistán,25218,18,0.119999997,63199,50,3,150,132,Nike Men's Dri-FIT Victory Golf Polo,01/08/2016 2:38,Standard Class,1,kg
PAYMENT,4,4,85.54000092,182,Shipping on time,0,Women's Apparel,Caguas,Puerto Rico,5229,Butler,PR,725,01/06/2017 22:05,Izmir,Estados unidos,50483,18,0.090000004,126139,50,4,200,182,Nike Men's Dri-FIT Victory Golf Polo,01/10/2017 22:05,Standard Class,1,kg
TRANSFER,2,1,37.43999863,91.3199997,Late delivery,1,Baseball & Softball,Caguas,Puerto Rico,8041,Ball,PR,725,12/27/2016 18:57,Kismaayo,Somalia,49789,13.64999962,0.129999995,124461,34.99000168,3,104.9700012,91.3199997,adidas Kids' F5 Messi FG Soccer Cleat,12/29/2016 18:57,First Class,1,kg
TRANSFER,2,1,25.38999939,94.05000305,Late delivery,1,Electronics,Caguas,Puerto Rico,3325,Rios,PR,725,04/02/2016 2:41,San Francisco,Estados Unidos,31315,1.919999957,0.02,78280,31.98999977,3,95.97000122,94.05000305,Bridgestone e6 Straight Distance NFL Carolina,04/04/2016 2:41,First Class,1,kg
TRANSFER,2,1,58.95999908,218.3600006,Late delivery,1,Cleats,Caguas,Puerto Rico,8041,Ball,PR,725,12/27/2016 18:57,Kismaayo,Somalia,49789,21.60000038,0.090000004,124460,59.99000168,4,239.9600067,218.3600006,Perfect Fitness Perfect Rip Deck,12/29/2016 18:57,First Class,1,kg
DEBIT,6,4,62.63999939,347.980011,Late delivery,1,Fishing,Rowland Heights,EE. UU.,7777,Rogers,CA,91748,4/16/2015 3:52,Huehuetenango,Guatemala,7205,52,0.129999995,18038,399.980011,1,399.980011,347.980011,Field & Stream Sportsman 16 Gun Fire Safe,4/22/2015 3:52,Standard Class,1,kg
DEBIT,2,4,114.7900009,327.980011,Advance shipping,0,Fishing,Detroit,EE. UU.,7544,Smith,MI,48238,3/23/2015 5:40,Miramar,México,5566,72,0.180000007,13883,399.980011,1,399.980011,327.980011,Field & Stream Sportsman 16 Gun Fire Safe,3/25/2015 5:40,Standard Class,1,kg
DEBIT,2,4,12.3199997,44,Advance shipping,0,Women's Apparel,Spring,EE. UU.,91,Smith,TX,77379,02/05/2017 19:35,Villa Canales,Guatemala,52531,6,0.119999997,131303,50,1,50,44,Nike Men's Dri-FIT Victory Golf Polo,02/07/2017 19:35,Standard Class,1,kg
DEBIT,4,4,39.25,436.1000061,Shipping on time,0,Crafts,Wyoming,EE. UU.,18511,Abbott,MI,49509,12/30/2017 4:46,Ganganagar,India,74958,25.37999916,0.059999999,178273,461.480011,1,461.480011,436.1000061,Porcelain crafts,01/03/2018 4:46,Standard Class,1,kg
DEBIT,6,4,22.70000076,52.79000092,Late delivery,1,Cleats,Metairie,EE. UU.,1018,Smith,LA,70003,5/27/2016 8:44,Jacksonville,Estados Unidos,35100,7.199999809,0.119999997,87662,59.99000168,1,59.99000168,52.79000092,Perfect Fitness Perfect Rip Deck,06/02/2016 8:44,Standard Class,1,kg
DEBIT,4,4,52.61999893,114.3899994,Shipping on time,0,Men's Footwear,Hamtramck,EE. UU.,7839,Wells,MI,48212,8/18/2016 5:59,Dallas,Estados Unidos,40778,15.60000038,0.119999997,101768,129.9900055,1,129.9900055,114.3899994,Nike Men's CJ Elite 2 TD Football Cleat,8/22/2016 5:59,Standard Class,1,kg
DEBIT,2,4,36.40000153,103.9899979,Advance shipping,0,Men's Footwear,Modesto,EE. UU.,12330,Roy,CA,95351,07/07/2016 23:34,Gilbert,Estados Unidos,37951,26,0.200000003,94737,129.9900055,1,129.9900055,103.9899979,Nike Men's CJ Elite 2 TD Football Cleat,07/09/2016 23:34,Standard Class,1,kg
DEBIT,3,4,-15.75,89.98999786,Advance shipping,0,Cleats,Fresno,EE. UU.,974,Smith,CA,93727,12/13/2016 7:24,Kigali,Ruanda,48797,30,0.25,122044,59.99000168,2,119.9800034,89.98999786,Perfect Fitness Perfect Rip Deck,12/16/2016 7:24,Standard Class,1,kg
DEBIT,3,4,40.02000046,87,Advance shipping,0,Women's Apparel,Brooklyn,EE. UU.,2687,Smith,NY,11226,04/05/2015,Villa Nueva,Guatemala,8477,13,0.129999995,21162,50,2,100,87,Nike Men's Dri-FIT Victory Golf Polo,05/07/2015 17:31,Standard Class,1,kg
CASH,6,4,53.95000076,207.5,Late delivery,1,Women's Apparel,College Station,EE. UU.,8074,Harris,TX,77840,09/10/2017 8:36,Pontivy,Francia,67365,42.5,0.170000002,168372,50,5,250,207.5,Nike Men's Dri-FIT Victory Golf Polo,9/16/2017 8:36,Standard Class,1,kg
CASH,4,4,47.43000031,290.9500122,Shipping on time,0,Cleats,Irwin,EE. UU.,7595,Meyer,PA,15642,1/21/2015 16:26,La Paz,Bolivia,1418,9,0.029999999,3512,59.99000168,5,299.9500122,290.9500122,Perfect Fitness Perfect Rip Deck,1/25/2015 16:26,Standard Class,1,kg
DEBIT,2,1,38.45000076,122.8399963,Late delivery,1,Men's Footwear,Tucson,EE. UU.,4273,Osborne,AZ,85713,9/14/2016 15:56,Bugía,Argelia,42656,7.150000095,0.059999999,106471,129.9900055,1,129.9900055,122.8399963,Nike Men's CJ Elite 2 TD Football Cleat,9/16/2016 15:56,First Class,1,kg
DEBIT,2,1,-13.63000011,18.59000015,Late delivery,1,Golf Balls,Tucson,EE. UU.,4273,Osborne,AZ,85713,9/14/2016 15:56,Bugía,Argelia,42656,1.399999976,0.07,106473,19.98999977,1,19.98999977,18.59000015,Glove It Women's Mod Oval Golf Glove,9/16/2016 15:56,First Class,1,kg
DEBIT,2,1,2.24000001,29.86000061,Late delivery,1,Golf Balls,Cleveland,EE. UU.,2802,Smith,OH,44109,12/22/2016 8:37,Estambul,Turquía,49417,6.119999886,0.170000002,123527,17.98999977,2,35.97999954,29.86000061,Hirzl Women's Soffft Flex Golf Glove,12/24/2016 8:37,First Class,1,kg
DEBIT,2,1,-268.769989,383.9599915,Late delivery,1,Cardio Equipment,Cleveland,EE. UU.,2802,Smith,OH,44109,12/22/2016 8:37,Estambul,Turquía,49417,16,0.039999999,123526,99.98999786,4,399.9599915,383.9599915,Nike Men's Free 5.0+ Running Shoe,12/24/2016 8:37,First Class,1,kg
DEBIT,2,1,-57.09000015,245,Late delivery,1,Women's Apparel,Cleveland,EE. UU.,2802,Smith,OH,44109,12/22/2016 8:37,Estambul,Turquía,49417,5,0.02,123528,50,5,250,245,Nike Men's Dri-FIT Victory Golf Polo,12/24/2016 8:37,First Class,1,kg
DEBIT,4,2,-6.079999924,159.9799957,Late delivery,1,Cardio Equipment,Los Angeles,EE. UU.,11652,Smith,CA,90043,8/20/2015 7:54,Milan,Italia,15848,40,0.200000003,39612,99.98999786,2,199.9799957,159.9799957,Nike Men's Free 5.0+ Running Shoe,8/24/2015 7:54,Second Class,1,kg
DEBIT,5,4,50.40000153,251.9799957,Late delivery,1,Camping & Hiking,Brooklyn,EE. UU.,5111,Reilly,NY,11208,12/03/2016 6:22,Lagos,Nigeria,48109,48,0.159999996,120305,299.980011,1,299.980011,251.9799957,Diamondback Women's Serene Classic Comfort Bi,12/08/2016 6:22,Standard Class,1,kg
DEBIT,4,4,33.74000168,74.97000122,Shipping on time,0,Indoor/Outdoor Games,Hamtramck,EE. UU.,7839,Wells,MI,48212,8/18/2016 5:59,Dallas,Estados Unidos,40778,24.98999977,0.25,101770,49.97999954,2,99.95999908,74.97000122,O'Brien Men's Neoprene Life Vest,8/22/2016 5:59,Standard Class,1,kg
TRANSFER,3,2,12.90999985,204.9199982,Late delivery,1,Indoor/Outdoor Games,Memphis,EE. UU.,1322,Williamson,TN,38128,6/18/2016 1:42,Houston,Estados Unidos,36587,44.97999954,0.180000007,91324,49.97999954,5,249.8999939,204.9199982,O'Brien Men's Neoprene Life Vest,6/21/2016 1:42,Second Class,1,kg
DEBIT,6,4,20.8199997,42.47999954,Late delivery,1,Indoor/Outdoor Games,Metairie,EE. UU.,1018,Smith,LA,70003,5/27/2016 8:44,Jacksonville,Estados Unidos,35100,7.5,0.150000006,87658,49.97999954,1,49.97999954,42.47999954,O'Brien Men's Neoprene Life Vest,06/02/2016 8:44,Standard Class,1,kg
DEBIT,4,4,46.29000092,244.8999939,Shipping on time,0,Indoor/Outdoor Games,Elmhurst,EE. UU.,1501,Smith,IL,60126,5/18/2016 5:04,Fort Collins,Estados Unidos,34473,5,0.02,86112,49.97999954,5,249.8999939,244.8999939,O'Brien Men's Neoprene Life Vest,5/22/2016 5:04,Standard Class,1,kg
CASH,0,0,12.25,97.95999908,Shipping on time,0,Indoor/Outdoor Games,Salt Lake City,EE. UU.,4349,Williams,UT,84118,4/28/2016 3:42,Philadelphia,Estados Unidos,33099,2,0.02,82742,49.97999954,2,99.95999908,97.95999908,O'Brien Men's Neoprene Life Vest,4/28/2016 15:42,Same Day,1,kg
TRANSFER,6,4,-19.34000015,149.9400024,Late delivery,1,Indoor/Outdoor Games,Fremont,EE. UU.,3835,Smith,CA,94538,4/20/2016 22:38,Pasadena,Estados Unidos,32605,49.97999954,0.25,81556,49.97999954,4,199.9199982,149.9400024,O'Brien Men's Neoprene Life Vest,4/26/2016 22:38,Standard Class,1,kg
TRANSFER,2,4,58.09999847,165.9900055,Advance shipping,0,Water Sports,Milpitas,EE. UU.,1002,Lowe,CA,95035,12/28/2015 12:16,Seúl,Corea del Sur,24766,34,0.170000002,62042,199.9900055,1,199.9900055,165.9900055,Pelican Sunstream 100 Kayak,12/30/2015 12:16,Standard Class,1,kg
PAYMENT,6,2,43.68000031,167.9900055,Late delivery,1,Water Sports,West Chester,EE. UU.,9587,Hawkins,PA,19382,12/27/2015 18:24,Bunbury,Australia,24715,32,0.159999996,61905,199.9900055,1,199.9900055,167.9900055,Pelican Sunstream 100 Kayak,01/02/2016 18:24,Second Class,1,kg
TRANSFER,1,0,18.97999954,167.9900055,Late delivery,1,Water Sports,Caguas,Puerto Rico,8029,Smith,PR,725,11/03/2015 17:26,Salem,India,21013,32,0.159999996,52506,199.9900055,1,199.9900055,167.9900055,Pelican Sunstream 100 Kayak,11/04/2015 5:26,Same Day,1,kg
TRANSFER,5,4,93,185.9900055,Late delivery,1,Water Sports,Lancaster,EE. UU.,3811,Smith,CA,93536,10/27/2015 1:51,Kathmandu,Nepal,20489,14,0.07,51140,199.9900055,1,199.9900055,185.9900055,Pelican Sunstream 100 Kayak,11/01/2015 1:51,Standard Class,1,kg
TRANSFER,2,4,56.84000015,195.9900055,Advance shipping,0,Water Sports,New York,EE. UU.,9653,Thomas,NY,10029,10/18/2015 20:36,London,Reino Unido,19926,4,0.02,49812,199.9900055,1,199.9900055,195.9900055,Pelican Sunstream 100 Kayak,10/20/2015 20:36,Standard Class,1,kg
PAYMENT,4,2,65.25,173.9900055,Late delivery,1,Water Sports,Caguas,Puerto Rico,9,Perez,PR,725,10/04/2015 3:28,Estocolmo,Suecia,18918,26,0.129999995,47310,199.9900055,1,199.9900055,173.9900055,Pelican Sunstream 100 Kayak,10/08/2015 3:28,Second Class,1,kg
TRANSFER,2,4,-158.0899963,185.9900055,Advance shipping,0,Water Sports,Caguas,Puerto Rico,2205,Rodriguez,PR,725,9/29/2015 19:24,Rome,Italia,18621,14,0.07,46539,199.9900055,1,199.9900055,185.9900055,Pelican Sunstream 100 Kayak,10/01/2015 19:24,Standard Class,1,kg
CASH,2,1,-7.449999809,195.9900055,Late delivery,1,Water Sports,Caguas,Puerto Rico,1001,Thomas,PR,725,9/23/2015 1:54,Turin,Italia,18160,4,0.02,45388,199.9900055,1,199.9900055,195.9900055,Pelican Sunstream 100 Kayak,9/25/2015 1:54,First Class,1,kg
DEBIT,2,1,56.11000061,165.9900055,Late delivery,1,Water Sports,Philadelphia,EE. UU.,6725,Alexander,PA,19134,8/13/2015 10:11,Amsterdam,Países Bajos,15375,34,0.170000002,38448,199.9900055,1,199.9900055,165.9900055,Pelican Sunstream 100 Kayak,8/15/2015 10:11,First Class,1,kg
DEBIT,2,1,-33.95000076,193.9900055,Late delivery,1,Water Sports,Houston,EE. UU.,1498,Bray,TX,77084,08/06/2015 18:26,Altamura,Italia,14919,6,0.029999999,37355,199.9900055,1,199.9900055,193.9900055,Pelican Sunstream 100 Kayak,08/08/2015 18:26,First Class,1,kg
TRANSFER,5,2,63.33000183,131.9499969,Late delivery,1,Indoor/Outdoor Games,Caguas,Puerto Rico,9836,Sullivan,PR,725,6/29/2017 6:47,Baden-Baden,Alemania,62359,17.98999977,0.119999997,155888,49.97999954,3,149.9400024,131.9499969,O'Brien Men's Neoprene Life Vest,07/04/2017 6:47,Second Class,1,kg
TRANSFER,4,4,10.11999989,134.9499969,Shipping on time,0,Indoor/Outdoor Games,Highland,EE. UU.,12101,Smith,CA,92346,6/25/2017 4:20,Viena,Austria,62078,14.98999977,0.100000001,155225,49.97999954,3,149.9400024,134.9499969,O'Brien Men's Neoprene Life Vest,6/29/2017 4:20,Standard Class,1,kg
PAYMENT,6,4,75.41000366,163.9299927,Late delivery,1,Indoor/Outdoor Games,Metairie,EE. UU.,6441,Harris,LA,70003,06/10/2017 7:41,San Francisco de Macorís,República Dominicana,61060,35.99000168,0.180000007,152757,49.97999954,4,199.9199982,163.9299927,O'Brien Men's Neoprene Life Vest,6/16/2017 7:41,Standard Class,1,kg
DEBIT,3,4,-131.1199951,224.9100037,Advance shipping,0,Indoor/Outdoor Games,Caguas,Puerto Rico,6484,Jordan,PR,725,5/21/2017 17:10,Fort-de-France,Martinica,59717,24.98999977,0.100000001,149426,49.97999954,5,249.8999939,224.9100037,O'Brien Men's Neoprene Life Vest,5/24/2017 17:10,Standard Class,1,kg
DEBIT,4,4,50.97999954,149.9400024,Shipping on time,0,Indoor/Outdoor Games,Humacao,Puerto Rico,11556,Watson,PR,791,05/08/2017 12:27,Tuxtla Gutiérrez,México,58813,49.97999954,0.25,147211,49.97999954,4,199.9199982,149.9400024,O'Brien Men's Neoprene Life Vest,05/12/2017 12:27,Standard Class,1,kg
DEBIT,5,2,59.97999954,119.9499969,Late delivery,1,Indoor/Outdoor Games,Tempe,EE. UU.,1736,Smith,AZ,85283,05/08/2017 7:33,Porto Alegre,Brasil,58799,29.98999977,0.200000003,147173,49.97999954,3,149.9400024,119.9499969,O'Brien Men's Neoprene Life Vest,5/13/2017 7:33,Second Class,1,kg
TRANSFER,1,0,9.600000381,47.97999954,Shipping canceled,0,Indoor/Outdoor Games,Seattle,EE. UU.,7499,Powell,WA,98115,4/23/2017 17:12,San Salvador,El Salvador,57799,2,0.039999999,144611,49.97999954,1,49.97999954,47.97999954,O'Brien Men's Neoprene Life Vest,4/24/2017 5:12,Same Day,1,kg
CASH,6,4,69.80000305,142.4400024,Late delivery,1,Indoor/Outdoor Games,Freeport,EE. UU.,1000,Smith,NY,11520,4/21/2017 23:31,Carrefour,Haití,57680,7.5,0.050000001,144291,49.97999954,3,149.9400024,142.4400024,O'Brien Men's Neoprene Life Vest,4/27/2017 23:31,Standard Class,1,kg
DEBIT,6,2,58.18000031,242.3999939,Late delivery,1,Indoor/Outdoor Games,New York,EE. UU.,3679,Carpenter,NY,10027,4/21/2017 14:45,Tegucigalpa,Honduras,57655,7.5,0.029999999,144233,49.97999954,5,249.8999939,242.3999939,O'Brien Men's Neoprene Life Vest,4/27/2017 14:45,Second Class,1,kg
DEBIT,6,2,65.48999786,136.4499969,Late delivery,1,Indoor/Outdoor Games,New York,EE. UU.,3679,Carpenter,NY,10027,4/21/2017 14:45,Tegucigalpa,Honduras,57655,13.48999977,0.090000004,144232,49.97999954,3,149.9400024,136.4499969,O'Brien Men's Neoprene Life Vest,4/27/2017 14:45,Second Class,1,kg
PAYMENT,3,4,68.84999847,237.4100037,Advance shipping,0,Indoor/Outdoor Games,Caguas,Puerto Rico,2989,Henderson,PR,725,4/21/2017 8:27,General Escobedo,México,57637,12.5,0.050000001,144184,49.97999954,5,249.8999939,237.4100037,O'Brien Men's Neoprene Life Vest,4/24/2017 8:27,Standard Class,1,kg
CASH,6,4,54.79000092,188.9199982,Late delivery,1,Indoor/Outdoor Games,Caguas,Puerto Rico,12298,Harper,PR,725,4/15/2017 9:52,Guadalajara,México,57230,11,0.059999999,143152,49.97999954,4,199.9199982,188.9199982,O'Brien Men's Neoprene Life Vest,4/21/2017 9:52,Standard Class,1,kg
PAYMENT,6,2,21.23999977,169.9299927,Late delivery,1,Indoor/Outdoor Games,Beaverton,EE. UU.,10419,Smith,OR,97006,3/29/2017 23:43,León,Nicaragua,56105,29.98999977,0.150000006,140311,49.97999954,4,199.9199982,169.9299927,O'Brien Men's Neoprene Life Vest,04/04/2017 23:43,Second Class,1,kg
DEBIT,6,4,5.079999924,44.97999954,Late delivery,1,Indoor/Outdoor Games,Caguas,Puerto Rico,3099,Copeland,PR,725,3/25/2017 11:07,Colón,Panamá,55795,5,0.100000001,139538,49.97999954,1,49.97999954,44.97999954,O'Brien Men's Neoprene Life Vest,3/31/2017 11:07,Standard Class,1,kg
DEBIT,3,2,12.44999981,124.4499969,Late delivery,1,Indoor/Outdoor Games,El Paso,EE. UU.,3234,Smith,TX,79907,3/16/2017 1:51,Santo Domingo,República Dominicana,55152,25.48999977,0.170000002,137919,49.97999954,3,149.9400024,124.4499969,O'Brien Men's Neoprene Life Vest,3/19/2017 1:51,Second Class,1,kg
DEBIT,3,2,57.79000092,122.9499969,Late delivery,1,Indoor/Outdoor Games,El Paso,EE. UU.,3234,Smith,TX,79907,3/16/2017 1:51,Santo Domingo,República Dominicana,55152,26.98999977,0.180000007,137918,49.97999954,3,149.9400024,122.9499969,O'Brien Men's Neoprene Life Vest,3/19/2017 1:51,Second Class,1,kg
DEBIT,3,4,13.60999966,37.49000168,Advance shipping,0,Indoor/Outdoor Games,Las Vegas,EE. UU.,11825,Nunez,NV,89117,03/03/2017 21:18,Santo Domingo,República Dominicana,54317,12.5,0.25,135829,49.97999954,1,49.97999954,37.49000168,O'Brien Men's Neoprene Life Vest,03/06/2017 21:18,Standard Class,1,kg
DEBIT,2,1,118.75,247.3999939,Late delivery,1,Indoor/Outdoor Games,Los Angeles,EE. UU.,9096,Andrews,CA,90007,2/21/2017 22:43,San Pedro de Macorís,República Dominicana,53636,2.5,0.01,134077,49.97999954,5,249.8999939,247.3999939,O'Brien Men's Neoprene Life Vest,2/23/2017 22:43,First Class,1,kg
PAYMENT,3,4,24,120,Advance shipping,0,Women's Apparel,Endicott,EE. UU.,6050,Arnold,NY,13760,1/28/2015 7:29,Medellín,Colombia,1872,30,0.200000003,4681,50,3,150,120,Nike Men's Dri-FIT Victory Golf Polo,1/31/2015 7:29,Standard Class,1,kg
PAYMENT,3,4,21.5,76.77999878,Advance shipping,0,Electronics,Endicott,EE. UU.,6050,Arnold,NY,13760,1/28/2015 7:29,Medellín,Colombia,1872,19.19000053,0.200000003,4682,31.98999977,3,$95.97 ,76.77999878,Bridgestone e6 Straight Distance NFL Tennesse,1/31/2015 7:29,Standard Class,1,kg
PAYMENT,5,4,30.59000015,152.9700012,Late delivery,1,Cleats,Miami,EE. UU.,10429,Weaver,FL,33162,7/21/2016 10:56,Seattle,Estados Unidos,38874,27,0.150000006,97056,59.99000168,3,179.9700012,152.9700012,Perfect Fitness Perfect Rip Deck,7/26/2016 10:56,Standard Class,1,kg
PAYMENT,2,4,56,200,Advance shipping,0,Women's Apparel,Vallejo,EE. UU.,8814,Sexton,CA,94591,4/19/2015 7:33,Carrefour,Haití,7421,0,0,18602,50,4,200,200,Nike Men's Dri-FIT Victory Golf Polo,4/21/2015 7:33,Standard Class,1,kg
PAYMENT,4,4,48.18999863,132.7700043,Shipping on time,0,Shop By Sport,Lombard,EE. UU.,7331,Strong,IL,60148,10/30/2015 8:20,Shantou,China,20713,27.19000053,0.170000002,51757,39.99000168,4,159.9600067,132.7700043,Under Armour Girls' Toddler Spine Surge Runni,11/03/2015 8:20,Standard Class,1,kg
PAYMENT,4,4,-599.9400024,399.9599915,Shipping on time,0,Cardio Equipment,Austin,EE. UU.,2130,Smith,TX,78745,11/14/2016 20:35,Cairo,Egipto,46848,99.98999786,0.200000003,117113,99.98999786,5,499.9500122,399.9599915,Nike Men's Free 5.0+ Running Shoe,11/18/2016 20:35,Standard Class,1,kg
PAYMENT,4,4,19.95000076,226.75,Shipping on time,0,Electronics,Austin,EE. UU.,2130,Smith,TX,78745,11/14/2016 20:35,Cairo,Egipto,46848,13.19999981,0.059999999,117111,47.99000168,5,239.9499969,226.75,Titleist Pro V1x High Numbers Golf Balls,11/18/2016 20:35,Standard Class,1,kg
PAYMENT,4,4,-134.9799957,224.9600067,Shipping on time,0,Cleats,Sandusky,EE. UU.,9043,Norris,OH,44870,09/02/2016 20:52,Tabuk,Arabia Saudí,41848,74.98999786,0.25,104457,59.99000168,5,299.9500122,224.9600067,Perfect Fitness Perfect Rip Deck,09/06/2016 20:52,Standard Class,1,kg
PAYMENT,4,4,-137.4400024,187.5,Shipping on time,0,Women's Apparel,Sandusky,EE. UU.,9043,Norris,OH,44870,09/02/2016 20:52,Tabuk,Arabia Saudí,41848,62.5,0.25,104460,50,5,250,187.5,Nike Men's Dri-FIT Victory Golf Polo,09/06/2016 20:52,Standard Class,1,kg
TRANSFER,2,1,36.61999893,113.7399979,Late delivery,1,Soccer,Bronx,EE. UU.,4066,Cordova,NY,10473,8/27/2017 23:41,Bremen,Alemania,66449,11.25,0.090000004,166110,124.9899979,1,124.9899979,113.7399979,Nike Men's Fingertrap Max Training Shoe,8/29/2017 23:41,First Class,1,kg
TRANSFER,2,1,51.3199997,109.1900024,Late delivery,1,Men's Footwear,Miami,EE. UU.,7511,Park,FL,33176,06/04/2017 9:26,San Miguelito,Panamá,60654,20.79999924,0.159999996,151824,129.9900055,1,129.9900055,109.1900024,Nike Men's CJ Elite 2 TD Football Cleat,06/06/2017 9:26,First Class,1,kg
TRANSFER,6,4,12.09000015,46.47999954,Late delivery,1,Indoor/Outdoor Games,Bridgeton,EE. UU.,1771,Smith,NJ,8302,02/11/2017 3:07,San Pedro Sula,Honduras,52895,3.5,0.07,132246,49.97999954,1,49.97999954,46.47999954,O'Brien Men's Neoprene Life Vest,2/17/2017 3:07,Standard Class,1,kg
DEBIT,4,2,16.37000084,90.95999908,Late delivery,1,Indoor/Outdoor Games,Montebello,EE. UU.,5977,Shaffer,CA,90640,01/12/2017 16:28,Mamak,Turquía,50878,9,0.090000004,127166,49.97999954,2,99.95999908,90.95999908,O'Brien Men's Neoprene Life Vest,1/16/2017 16:28,Second Class,1,kg
PAYMENT,6,4,5.590000153,49.47999954,Late delivery,1,Indoor/Outdoor Games,Augusta,EE. UU.,3475,Smith,GA,30907,01/04/2017 12:59,Denizli,Turquía,50320,0.5,0.01,125742,49.97999954,1,49.97999954,49.47999954,O'Brien Men's Neoprene Life Vest,01/10/2017 12:59,Standard Class,1,kg
DEBIT,5,4,2.930000067,47.22999954,Late delivery,1,Indoor/Outdoor Games,Brooklyn,EE. UU.,5111,Reilly,NY,11208,12/03/2016 6:22,Lagos,Nigeria,48109,2.75,0.059999999,120308,49.97999954,1,49.97999954,47.22999954,O'Brien Men's Neoprene Life Vest,12/08/2016 6:22,Standard Class,1,kg
DEBIT,5,4,-69.72000122,46.47999954,Late delivery,1,Indoor/Outdoor Games,Brooklyn,EE. UU.,5111,Reilly,NY,11208,12/03/2016 6:22,Lagos,Nigeria,48109,3.5,0.07,120307,49.97999954,1,49.97999954,46.47999954,O'Brien Men's Neoprene Life Vest,12/08/2016 6:22,Standard Class,1,kg
DEBIT,5,4,40.65000153,82.97000122,Late delivery,1,Indoor/Outdoor Games,Brooklyn,EE. UU.,5111,Reilly,NY,11208,12/03/2016 6:22,Lagos,Nigeria,48109,16.98999977,0.170000002,120306,49.97999954,2,99.95999908,82.97000122,O'Brien Men's Neoprene Life Vest,12/08/2016 6:22,Standard Class,1,kg
DEBIT,3,4,13.98999977,39.97999954,Advance shipping,0,Indoor/Outdoor Games,Hanover,EE. UU.,10693,Sparks,PA,17331,11/27/2016 0:46,Bauchi,Nigeria,47682,10,0.200000003,119230,49.97999954,1,49.97999954,39.97999954,O'Brien Men's Neoprene Life Vest,11/30/2016 0:46,Standard Class,1,kg
TRANSFER,2,4,57.34999847,127.4499969,Advance shipping,0,Indoor/Outdoor Games,South El Monte,EE. UU.,5534,Smith,CA,91733,11/24/2016 5:51,Estambul,Turquía,47491,22.48999977,0.150000006,118724,49.97999954,3,149.9400024,127.4499969,O'Brien Men's Neoprene Life Vest,11/26/2016 5:51,Standard Class,1,kg
DEBIT,4,4,82.76999664,179.9299927,Shipping on time,0,Indoor/Outdoor Games,Caguas,Puerto Rico,11978,Hayes,PR,725,10/13/2016 17:49,Orán,Argelia,44648,19.98999977,0.100000001,111485,49.97999954,4,199.9199982,179.9299927,O'Brien Men's Neoprene Life Vest,10/17/2016 17:49,Standard Class,1,kg
TRANSFER,4,4,15.36999989,204.9199982,Shipping on time,0,Indoor/Outdoor Games,Roseburg,EE. UU.,11090,Shah,OR,97470,10/12/2016 22:33,Kinshasa,República Democrática del Congo,44593,44.97999954,0.180000007,111332,49.97999954,5,249.8999939,204.9199982,O'Brien Men's Neoprene Life Vest,10/16/2016 22:33,Standard Class,1,kg
PAYMENT,6,2,89.02999878,237.4100037,Late delivery,1,Indoor/Outdoor Games,Elmhurst,EE. UU.,2189,Smith,IL,60126,10/11/2016 20:59,Pretoria,SudAfrica,44520,12.5,0.050000001,111158,49.97999954,5,249.8999939,237.4100037,O'Brien Men's Neoprene Life Vest,10/17/2016 20:59,Second Class,1,kg
TRANSFER,2,1,-75.04000092,195.9199982,Late delivery,1,Indoor/Outdoor Games,Clovis,EE. UU.,3512,Smith,CA,93611,10/07/2016 20:17,Likasi,República Democrática del Congo,44244,4,0.02,110471,49.97999954,4,199.9199982,195.9199982,O'Brien Men's Neoprene Life Vest,10/09/2016 20:17,First Class,1,kg
TRANSFER,3,4,15.97000027,43.97999954,Advance shipping,0,Indoor/Outdoor Games,Walnut,EE. UU.,2322,Smith,CA,91789,9/24/2016 14:31,Dar Chioukh,Argelia,43337,6,0.119999997,108269,49.97999954,1,49.97999954,43.97999954,O'Brien Men's Neoprene Life Vest,9/27/2016 14:31,Standard Class,1,kg
DEBIT,6,4,20.55999947,181.9299927,Late delivery,1,Indoor/Outdoor Games,Caguas,Puerto Rico,2357,Mathis,PR,725,03/08/2015 23:43,Palma Soriano,Cuba,4590,17.98999977,0.090000004,11505,49.97999954,4,199.9199982,181.9299927,O'Brien Men's Neoprene Life Vest,3/14/2015 23:43,Standard Class,1,kg
DEBIT,6,4,48.72999954,149.9400024,Late delivery,1,Indoor/Outdoor Games,Caguas,Puerto Rico,2357,Mathis,PR,725,03/08/2015 23:43,Palma Soriano,Cuba,4590,0,0,11504,49.97999954,3,149.9400024,149.9400024,O'Brien Men's Neoprene Life Vest,3/14/2015 23:43,Standard Class,1,kg
DEBIT,2,4,78.93000031,167.9299927,Advance shipping,0,Indoor/Outdoor Games,Norfolk,EE. UU.,7922,Smith,VA,23503,03/02/2015 22:41,Tlaquepaque,México,4176,31.98999977,0.159999996,10430,49.97999954,4,199.9199982,167.9299927,O'Brien Men's Neoprene Life Vest,03/04/2015 22:41,Standard Class,1,kg
DEBIT,2,4,22.27000046,49.47999954,Advance shipping,0,Indoor/Outdoor Games,Howell,EE. UU.,1141,Koch,MI,48843,02/08/2015 9:24,San Miguelito,Panamá,2631,0.5,0.01,6599,49.97999954,1,49.97999954,49.47999954,O'Brien Men's Neoprene Life Vest,02/10/2015 9:24,Standard Class,1,kg
DEBIT,2,4,21.85000038,46.47999954,Advance shipping,0,Indoor/Outdoor Games,West Lafayette,EE. UU.,10462,Smith,IN,47906,02/01/2015 16:14,Mixco,Guatemala,2171,3.5,0.07,5428,49.97999954,1,49.97999954,46.47999954,O'Brien Men's Neoprene Life Vest,02/03/2015 16:14,Standard Class,1,kg
PAYMENT,3,4,13.71000004,48.97999954,Advance shipping,0,Indoor/Outdoor Games,Endicott,EE. UU.,6050,Arnold,NY,13760,1/28/2015 7:29,Medellín,Colombia,1872,1,0.02,4683,49.97999954,1,49.97999954,48.97999954,O'Brien Men's Neoprene Life Vest,1/31/2015 7:29,Standard Class,1,kg
PAYMENT,3,4,42.72999954,112.4599991,Advance shipping,0,Indoor/Outdoor Games,Endicott,EE. UU.,6050,Arnold,NY,13760,1/28/2015 7:29,Medellín,Colombia,1872,37.49000168,0.25,4680,49.97999954,3,149.9400024,112.4599991,O'Brien Men's Neoprene Life Vest,1/31/2015 7:29,Standard Class,1,kg
TRANSFER,2,4,52.47999954,149.9400024,Advance shipping,0,Indoor/Outdoor Games,San Jose,EE. UU.,11051,Horn,CA,95112,1/28/2015 5:23,Sonsonate,El Salvador,1866,0,0,4664,49.97999954,3,149.9400024,149.9400024,O'Brien Men's Neoprene Life Vest,1/30/2015 5:23,Standard Class,1,kg
DEBIT,4,4,94.04000092,195.9199982,Shipping on time,0,Indoor/Outdoor Games,Brooklyn,EE. UU.,9695,Cruz,NY,11216,1/26/2015 19:03,Vitória da Conquista,Brasil,1768,4,0.02,4402,49.97999954,4,199.9199982,195.9199982,O'Brien Men's Neoprene Life Vest,1/30/2015 19:03,Standard Class,1,kg
DEBIT,5,4,21.90999985,193.9199982,Late delivery,1,Indoor/Outdoor Games,Albuquerque,EE. UU.,7510,Smith,NM,87111,1/22/2015 8:33,Caracas,Venezuela,1464,6,0.029999999,3646,49.97999954,4,199.9199982,193.9199982,O'Brien Men's Neoprene Life Vest,1/27/2015 8:33,Standard Class,1,kg
TRANSFER,2,4,-303.7200012,395.980011,Shipping canceled,0,Fishing,Caguas,Puerto Rico,11361,Kennedy,PR,725,9/25/2017 20:19,Euskirchen,Alemania,68426,4,0.01,171080,399.980011,1,399.980011,395.980011,Field & Stream Sportsman 16 Gun Fire Safe,9/27/2017 20:19,Standard Class,1,kg
PAYMENT,6,4,-627.1699829,391.980011,Late delivery,1,Fishing,North Las Vegas,EE. UU.,9709,Sharp,NV,89030,9/25/2017 2:27,Berlín,Alemania,68375,8,0.02,170945,399.980011,1,399.980011,391.980011,Field & Stream Sportsman 16 Gun Fire Safe,10/01/2017 2:27,Standard Class,1,kg
CASH,6,4,56.72000122,347.980011,Late delivery,1,Fishing,College Station,EE. UU.,8074,Harris,TX,77840,09/10/2017 8:36,Pontivy,Francia,67365,52,0.129999995,168376,399.980011,1,399.980011,347.980011,Field & Stream Sportsman 16 Gun Fire Safe,9/16/2017 8:36,Standard Class,1,kg
PAYMENT,2,1,122.6900024,391.980011,Late delivery,1,Fishing,Caguas,Puerto Rico,10136,Becker,PR,725,09/08/2017 22:37,Rome,Italia,67268,8,0.02,168124,399.980011,1,399.980011,391.980011,Field & Stream Sportsman 16 Gun Fire Safe,09/10/2017 22:37,First Class,1,kg
TRANSFER,2,1,114.8300018,395.980011,Late delivery,1,Fishing,Bronx,EE. UU.,4066,Cordova,NY,10473,8/27/2017 23:41,Bremen,Alemania,66449,4,0.01,166109,399.980011,1,399.980011,395.980011,Field & Stream Sportsman 16 Gun Fire Safe,8/29/2017 23:41,First Class,1,kg
TRANSFER,6,4,0,299.9899902,Late delivery,1,Fishing,Tallahassee,EE. UU.,12280,Smith,FL,32308,8/20/2017 22:07,Toulouse,Francia,65965,100,0.25,164858,399.980011,1,399.980011,299.9899902,Field & Stream Sportsman 16 Gun Fire Safe,8/26/2017 22:07,Standard Class,1,kg
TRANSFER,6,4,135.1900024,399.980011,Late delivery,1,Fishing,Tallahassee,EE. UU.,12280,Smith,FL,32308,8/20/2017 22:07,Toulouse,Francia,65965,0,0,164856,399.980011,1,399.980011,399.980011,Field & Stream Sportsman 16 Gun Fire Safe,8/26/2017 22:07,Standard Class,1,kg
TRANSFER,6,4,88.55999756,327.980011,Late delivery,1,Fishing,Cleveland,EE. UU.,6326,Harris,OH,44118,8/19/2017 5:50,Ghent,Bélgica,65850,72,0.180000007,164562,399.980011,1,399.980011,327.980011,Field & Stream Sportsman 16 Gun Fire Safe,8/25/2017 5:50,Standard Class,1,kg
DEBIT,4,4,194.0299988,395.980011,Shipping on time,0,Fishing,Mount Pleasant,EE. UU.,11899,Taylor,MI,48858,08/11/2017 21:57,Getxo,España,65348,4,0.01,163326,399.980011,1,399.980011,395.980011,Field & Stream Sportsman 16 Gun Fire Safe,8/15/2017 21:57,Standard Class,1,kg
PAYMENT,3,4,-39.3199997,347.980011,Advance shipping,0,Fishing,Brooklyn,EE. UU.,10957,Turner,NY,11204,08/10/2017 14:05,Florence,Italia,65257,52,0.129999995,163077,399.980011,1,399.980011,347.980011,Field & Stream Sportsman 16 Gun Fire Safe,8/13/2017 14:05,Standard Class,1,kg
TRANSFER,2,1,33.34000015,123.4899979,Late delivery,1,Men's Footwear,Jackson Heights,EE. UU.,10315,Smith,NY,11372,04/02/2016 1:17,Fort Worth,Estados Unidos,31311,6.5,0.050000001,78270,129.9900055,1,129.9900055,123.4899979,Nike Men's CJ Elite 2 TD Football Cleat,04/04/2016 1:17,First Class,1,kg
TRANSFER,2,1,38.45000076,122.8399963,Late delivery,1,Men's Footwear,Jackson Heights,EE. UU.,10315,Smith,NY,11372,04/02/2016 1:17,Fort Worth,Estados Unidos,31311,7.150000095,0.059999999,78268,129.9900055,1,129.9900055,122.8399963,Nike Men's CJ Elite 2 TD Football Cleat,04/04/2016 1:17,First Class,1,kg
TRANSFER,2,1,75.68000031,260.980011,Late delivery,1,Camping & Hiking,Jackson Heights,EE. UU.,10315,Smith,NY,11372,04/02/2016 1:17,Fort Worth,Estados Unidos,31311,39,0.129999995,78269,299.980011,1,299.980011,260.980011,Diamondback Women's Serene Classic Comfort Bi,04/04/2016 1:17,First Class,1,kg
TRANSFER,2,1,52.18999863,179.9700012,Late delivery,1,Cleats,Bronx,EE. UU.,4066,,NY,10473,8/27/2017 23:41,Bremen,Alemania,66449,0,0,166111,59.99000168,3,179.9700012,179.9700012,Perfect Fitness Perfect Rip Deck,8/29/2017 23:41,First Class,1,kg
TRANSFER,2,1,6.800000191,339.9700012,Late delivery,1,Cardio Equipment,Miami,EE. UU.,7511,Park,FL,33176,06/04/2017 9:26,San Miguelito,Panamá,60654,59.99000168,0.150000006,151826,99.98999786,4,399.9599915,339.9700012,Nike Men's Free 5.0+ Running Shoe,06/06/2017 9:26,First Class,1,kg
TRANSFER,2,1,60.63000107,242.5,Late delivery,1,Women's Apparel,Bronx,EE. UU.,4066,Cordova,NY,10473,8/27/2017 23:41,Bremen,Alemania,66449,7.5,0.029999999,166112,50,5,250,242.5,Nike Men's Dri-FIT Victory Golf Polo,8/29/2017 23:41,First Class,1,kg
TRANSFER,1,0,-12.64999962,436.1000061,Late delivery,1,Crafts,Valrico,EE. UU.,14765,Simpson,FL,33594,11/05/2017 12:23,Langenfeld,Alemania,71212,25.37999916,0.059999999,174527,461.480011,1,461.480011,436.1000061,Porcelain crafts,11/06/2017 0:23,Same Day,1,kg
TRANSFER,1,0,-202.6900024,122.8399963,Late delivery,1,Men's Footwear,Glendale,EE. UU.,4475,Davis,AZ,85308,06/09/2017 16:16,Buenos Aires,Argentina,61016,7.150000095,0.059999999,152638,129.9900055,1,129.9900055,122.8399963,Nike Men's CJ Elite 2 TD Football Cleat,06/10/2017 4:16,Same Day,1,kg
TRANSFER,1,0,-69.97000122,293.980011,Late delivery,1,Camping & Hiking,Glendale,EE. UU.,4475,Davis,AZ,85308,06/09/2017 16:16,Buenos Aires,Argentina,61016,6,0.02,152640,299.980011,1,299.980011,293.980011,Diamondback Women's Serene Classic Comfort Bi,06/10/2017 4:16,Same Day,1,kg
TRANSFER,1,0,114.8300018,347.980011,Late delivery,1,Fishing,Irving,EE. UU.,8377,Christian,TX,75060,01/11/2016 21:43,Brisbane,Australia,25752,52,0.129999995,64496,399.980011,1,399.980011,347.980011,Field & Stream Sportsman 16 Gun Fire Safe,01/12/2016 9:43,Same Day,1,kg
TRANSFER,1,0,112.1900024,339.980011,Late delivery,1,Fishing,Irving,EE. UU.,8377,Christian,TX,75060,01/11/2016 21:43,Brisbane,Australia,25752,60,0.150000006,64493,399.980011,1,399.980011,339.980011,Field & Stream Sportsman 16 Gun Fire Safe,01/12/2016 9:43,Same Day,1,kg
TRANSFER,0,0,29.87999916,99.58000183,Shipping on time,0,Cleats,Powder Springs,EE. UU.,3790,Estes,GA,30127,7/13/2017 6:24,Lippstadt,Alemania,63317,20.39999962,0.170000002,158305,59.99000168,2,119.9800034,99.58000183,Perfect Fitness Perfect Rip Deck,7/13/2017 18:24,Same Day,1,kg
TRANSFER,1,0,1.639999986,82,Shipping canceled,0,Women's Apparel,Seattle,EE. UU.,7499,Powell,WA,98115,4/23/2017 17:12,San Salvador,El Salvador,57799,18,0.180000007,144612,50,2,100,82,Nike Men's Dri-FIT Victory Golf Polo,4/24/2017 5:12,Same Day,1,kg
TRANSFER,0,0,-33.72999954,158.3600006,Shipping on time,0,Shop By Sport,Powder Springs,EE. UU.,3790,Estes,GA,30127,7/13/2017 6:24,Lippstadt,Alemania,63317,1.600000024,0.01,158306,39.99000168,4,159.9600067,158.3600006,Under Armour Girls' Toddler Spine Surge Runni,7/13/2017 18:24,Same Day,1,kg
TRANSFER,1,0,141.1000061,293.9500122,Late delivery,1,Cleats,Moreno Valley,EE. UU.,3402,Wilkerson,CA,92553,09/07/2016 21:23,Accra,Ghana,42192,6,0.02,105358,59.99000168,5,299.9500122,293.9500122,Perfect Fitness Perfect Rip Deck,09/08/2016 9:23,Same Day,1,kg
TRANSFER,1,0,95.98000336,299.9500122,Late delivery,1,Cleats,Glendale,EE. UU.,4475,Davis,AZ,85308,06/09/2017 16:16,Buenos Aires,Argentina,61016,0,0,152642,59.99000168,5,299.9500122,299.9500122,Perfect Fitness Perfect Rip Deck,06/10/2017 4:16,Same Day,1,kg
TRANSFER,1,0,81.12000275,240,Late delivery,1,Women's Apparel,Glendale,EE. UU.,4475,Davis,AZ,85308,06/09/2017 16:16,Buenos Aires,Argentina,61016,10,0.039999999,152639,50,5,250,240,Nike Men's Dri-FIT Victory Golf Polo,06/10/2017 4:16,Same Day,1,kg
TRANSFER,6,2,15.64000034,33.99000168,Late delivery,1,Shop By Sport,Round Rock,EE. UU.,6948,Smith,TX,78664,2/15/2015 12:43,Valparaíso de Goiás,Brasil,3120,6,0.150000006,7776,39.99000168,1,39.99000168,33.99000168,Under Armour Girls' Toddler Spine Surge Runni,2/21/2015 12:43,Second Class,1,kg
TRANSFER,6,2,99.16999817,260.980011,Late delivery,1,Camping & Hiking,Round Rock,EE. UU.,6948,Smith,TX,78664,2/15/2015 12:43,Valparaíso de Goiás,Brasil,3120,39,0.129999995,7777,299.980011,1,299.980011,260.980011,Diamondback Women's Serene Classic Comfort Bi,2/21/2015 12:43,Second Class,1,kg
TRANSFER,3,2,35.90999985,110.4899979,Shipping canceled,0,Men's Footwear,San Jose,EE. UU.,2917,Smith,CA,95125,1/25/2017 7:10,Mexico City,México,51742,19.5,0.150000006,129273,129.9900055,1,129.9900055,110.4899979,Nike Men's CJ Elite 2 TD Football Cleat,1/28/2017 7:10,Second Class,1,kg
TRANSFER,5,2,77.94999695,278.3900146,Late delivery,1,Health and Beauty,Rosemead,EE. UU.,18787,Rodriquez,CA,91770,01/03/2018 5:28,Lahore,Pakistán,75234,14.64999962,0.050000001,178549,293.0400085,1,293.0400085,278.3900146,First aid kit,01/08/2018 5:28,Second Class,1,kg
TRANSFER,5,2,122,248.9799957,Shipping canceled,0,Camping & Hiking,Stockton,EE. UU.,8799,Page,CA,95206,05/09/2016 16:28,Summerville,Estados Unidos,33889,51,0.170000002,84597,299.980011,1,299.980011,248.9799957,Diamondback Women's Serene Classic Comfort Bi,5/14/2016 16:28,Second Class,1,kg
TRANSFER,6,2,20.59000015,79.18000031,Late delivery,1,Shop By Sport,Round Rock,EE. UU.,6948,Smith,TX,78664,2/15/2015 12:43,Valparaíso de Goiás,Brasil,3120,0.800000012,0.01,7775,39.99000168,2,79.98000336,79.18000031,Under Armour Girls' Toddler Spine Surge Runni,2/21/2015 12:43,Second Class,1,kg
TRANSFER,3,2,30.77000046,113.9800034,Shipping canceled,0,Cleats,San Jose,EE. UU.,2917,Smith,CA,95125,1/25/2017 7:10,Mexico City,México,51742,6,0.050000001,129272,59.99000168,2,119.9800034,113.9800034,Perfect Fitness Perfect Rip Deck,1/28/2017 7:10,Second Class,1,kg
TRANSFER,6,2,33.40000153,115.1800003,Late delivery,1,Cleats,Methuen,EE. UU.,2045,Lozano,MA,1844,1/29/2016 11:11,Adelaide,Australia,26955,4.800000191,0.039999999,67520,59.99000168,2,119.9800034,115.1800003,Perfect Fitness Perfect Rip Deck,02/04/2016 11:11,Second Class,1,kg
TRANSFER,3,2,-1.600000024,113.9800034,Late delivery,1,Cleats,Wyandotte,EE. UU.,4046,Smith,MI,48192,06/06/2016 4:10,Mentor,Estados Unidos,35772,6,0.050000001,89330,59.99000168,2,119.9800034,113.9800034,Perfect Fitness Perfect Rip Deck,06/09/2016 4:10,Second Class,1,kg
TRANSFER,6,2,122.3899994,254.9700012,Late delivery,1,Cardio Equipment,Methuen,EE. UU.,2045,Lozano,MA,1844,1/29/2016 11:11,Adelaide,Australia,26955,45,0.150000006,67517,99.98999786,3,299.9700012,254.9700012,Nike Men's Free 5.0+ Running Shoe,02/04/2016 11:11,Second Class,1,kg
TRANSFER,3,2,87.13999939,248.9799957,Late delivery,1,Cardio Equipment,Memphis,EE. UU.,1322,Williamson,TN,38128,6/18/2016 1:42,Houston,Estados Unidos,36587,50.99000168,0.170000002,91321,99.98999786,3,299.9700012,248.9799957,Nike Men's Free 5.0+ Running Shoe,6/21/2016 1:42,Second Class,1,kg
TRANSFER,3,2,42.33000183,100.7699966,Late delivery,1,Girls' Apparel,Memphis,EE. UU.,1322,Williamson,TN,38128,6/18/2016 1:42,Houston,Estados Unidos,36587,19.20000076,0.159999996,91323,39.99000168,3,119.9700012,100.7699966,TYR Boys' Team Digi Jammer,6/21/2016 1:42,Second Class,1,kg
TRANSFER,2,2,-421.3599854,391.9599915,Shipping on time,0,Cardio Equipment,Tonawanda,EE. UU.,4458,Smith,NY,14150,3/26/2015 7:14,Guadalajara,México,5776,8,0.02,14378,99.98999786,4,399.9599915,391.9599915,Nike Men's Free 5.0+ Running Shoe,3/28/2015 7:14,Second Class,1,kg
TRANSFER,3,2,-12.5,176,Shipping canceled,0,Women's Apparel,San Jose,EE. UU.,2917,Smith,CA,95125,1/25/2017 7:10,Mexico City,México,51742,24,0.119999997,129274,50,4,200,176,Nike Men's Dri-FIT Victory Golf Polo,1/28/2017 7:10,Second Class,1,kg
TRANSFER,-2,2,20,200,Late delivery,1,Women's Apparel,Methuen,EE. UU.,2045,Lozano,MA,1844,1/29/2016 11:11,Adelaide,Australia,26955,0,0,67519,50,4,200,200,Nike Men's Dri-FIT Victory Golf Polo,02/04/2016 11:11,Second Class,1,kg
TRANSFER,3,2,47.04000092,168,Late delivery,1,Women's Apparel,Memphis,EE. UU.,1322,Williamson,TN,38128,6/18/2016 1:42,Houston,Estados Unidos,36587,32,0.159999996,91320,50,4,200,168,Nike Men's Dri-FIT Victory Golf Polo,6/21/2016 1:42,Second Class,1,kg
TRANSFER,6,2,141.7299957,283.4500122,Late delivery,1,Cleats,Round Rock,EE. UU.,6948,Smith,TX,78664,2/15/2015 12:43,Valparaíso de Goiás,Brasil,3120,16.5,0.059999999,7773,59.99000168,5,299.9500122,283.4500122,Perfect Fitness Perfect Rip Deck,2/21/2015 12:43,Second Class,1,kg
TRANSFER,6,2,-158.7299957,293.9500122,Late delivery,1,Cleats,Methuen,EE. UU.,2045,Lozano,MA,1844,1/29/2016 11:11,Adelaide,Australia,26955,6,0.02,67518,59.99000168,5,299.9500122,293.9500122,Perfect Fitness Perfect Rip Deck,02/04/2016 11:11,Second Class,1,kg
TRANSFER,6,4,12.86999989,128.6900024,Late delivery,1,Men's Footwear,Newark,EE. UU.,1447,Smith,DE,19702,11/19/2016 22:09,Bo,Sierra Leona,47195,1.299999952,0.01,117962,129.9900055,1,129.9900055,128.6900024,Nike Men's CJ Elite 2 TD Football Cleat,11/25/2016 22:09,Standard Class,1,kg
TRANSFER,6,4,66.30000305,254.9799957,Late delivery,1,Camping & Hiking,New York,EE. UU.,3497,Smith,NY,10016,10/10/2016 11:42,Khouribga,Marruecos,44425,45,0.150000006,110913,299.980011,1,299.980011,254.9799957,Diamondback Women's Serene Classic Comfort Bi,10/16/2016 11:42,Standard Class,1,kg
TRANSFER,5,4,6.300000191,20.98999977,Late delivery,1,Lacrosse,College Station,EE. UU.,5257,Boyd,TX,77840,8/21/2015 19:17,Berlín,Alemania,15949,4,0.159999996,39850,24.98999977,1,24.98999977,20.98999977,Under Armour Men's Tech II T-Shirt,8/26/2015 19:17,Standard Class,1,kg
TRANSFER,5,4,49.18000031,126.0899963,Late delivery,1,Men's Footwear,College Station,EE. UU.,5257,Boyd,TX,77840,8/21/2015 19:17,Berlín,Alemania,15949,3.900000095,0.029999999,39851,129.9900055,1,129.9900055,126.0899963,Nike Men's CJ Elite 2 TD Football Cleat,8/26/2015 19:17,Standard Class,1,kg
TRANSFER,6,4,-7.130000114,120.8899994,Late delivery,1,Men's Footwear,Cleveland,EE. UU.,6326,Harris,OH,44118,8/19/2017 5:50,Ghent,Bélgica,65850,9.100000381,0.07,164564,129.9900055,1,129.9900055,120.8899994,Nike Men's CJ Elite 2 TD Football Cleat,8/25/2017 5:50,Standard Class,1,kg
TRANSFER,6,4,87.73999786,324.9599915,Late delivery,1,Children's Clothing,Chicago,EE. UU.,13763,Garrison,IL,60637,10/21/2017 21:20,Marseille,Francia,70210,32.13999939,0.090000004,173525,357.1000061,1,357.1000061,324.9599915,Children's heaters,10/27/2017 21:20,Standard Class,1,kg
TRANSFER,6,4,104.3899994,260.980011,Late delivery,1,Camping & Hiking,Cleveland,EE. UU.,6326,Harris,OH,44118,8/19/2017 5:50,Ghent,Bélgica,65850,39,0.129999995,164561,299.980011,1,299.980011,260.980011,Diamondback Women's Serene Classic Comfort Bi,8/25/2017 5:50,Standard Class,1,kg
TRANSFER,6,4,-2.920000076,116.9899979,Late delivery,1,Men's Footwear,Chicago,EE. UU.,11025,Smith,IL,60645,6/21/2017 6:26,Mantes-la-Jolie,Francia,61810,13,0.100000001,154507,129.9900055,1,129.9900055,116.9899979,Nike Men's CJ Elite 2 TD Football Cleat,6/27/2017 6:26,Standard Class,1,kg
TRANSFER,5,4,11.43999958,44,Late delivery,1,Women's Apparel,New Bedford,EE. UU.,9821,Smith,MA,2740,8/31/2017 4:46,Derby,Reino Unido,66669,6,0.119999997,166647,50,1,50,44,Nike Men's Dri-FIT Victory Golf Polo,09/05/2017 4:46,Standard Class,1,kg
TRANSFER,6,4,12.75,42.5,Late delivery,1,Women's Apparel,Silver Spring,EE. UU.,1952,Smith,MD,20904,08/03/2017 0:57,Roeselare,Bélgica,64740,7.5,0.150000006,161822,50,1,50,42.5,Nike Men's Dri-FIT Victory Golf Polo,08/09/2017 0:57,Standard Class,1,kg
TRANSFER,6,4,71.25,284.980011,Late delivery,1,Camping & Hiking,Chicago,EE. UU.,11025,Smith,IL,60645,6/21/2017 6:26,Mantes-la-Jolie,Francia,61810,15,0.050000001,154508,299.980011,1,299.980011,284.980011,Diamondback Women's Serene Classic Comfort Bi,6/27/2017 6:26,Standard Class,1,kg
TRANSFER,6,4,80.90000153,278.980011,Late delivery,1,Camping & Hiking,Silver Spring,EE. UU.,1952,Smith,MD,20904,08/03/2017 0:57,Roeselare,Bélgica,64740,21,0.07,161824,299.980011,1,299.980011,278.980011,Diamondback Women's Serene Classic Comfort Bi,08/09/2017 0:57,Standard Class,1,kg
TRANSFER,6,4,22.37999916,106.5899963,Late delivery,1,Men's Footwear,Pekin,EE. UU.,4104,Butler,IL,61554,3/31/2015 20:01,Sancti Spíritus,Cuba,6155,23.39999962,0.180000007,15384,129.9900055,1,129.9900055,106.5899963,Nike Men's CJ Elite 2 TD Football Cleat,04/06/2015 20:01,Standard Class,1,kg
TRANSFER,3,4,114.3899994,351.980011,Advance shipping,0,Fishing,Garden Grove,EE. UU.,687,Harrison,CA,92840,2/14/2015 9:23,São Paulo,Brasil,3042,48,0.119999997,7571,399.980011,1,399.980011,351.980011,Field & Stream Sportsman 16 Gun Fire Safe,2/17/2015 9:23,Standard Class,1,kg
TRANSFER,6,4,114.5299988,248.9799957,Late delivery,1,Camping & Hiking,Pekin,EE. UU.,4104,Butler,IL,61554,3/31/2015 20:01,Sancti Spíritus,Cuba,6155,51,0.170000002,15383,299.980011,1,299.980011,248.9799957,Diamondback Women's Serene Classic Comfort Bi,04/06/2015 20:01,Standard Class,1,kg
TRANSFER,5,4,-81.88999939,109.1900024,Late delivery,1,Men's Footwear,Conway,EE. UU.,1947,Rogers,AR,72032,2/26/2017 0:07,Santo Domingo,República Dominicana,53914,20.79999924,0.159999996,134804,129.9900055,1,129.9900055,109.1900024,Nike Men's CJ Elite 2 TD Football Cleat,03/03/2017 0:07,Standard Class,1,kg
TRANSFER,3,4,36.40000153,103.9899979,Advance shipping,0,Men's Footwear,Memphis,EE. UU.,1174,Smith,TN,38109,5/22/2017 8:56,Quetzaltenango,Guatemala,59762,26,0.200000003,149560,129.9900055,1,129.9900055,103.9899979,Nike Men's CJ Elite 2 TD Football Cleat,5/25/2017 8:56,Standard Class,1,kg
TRANSFER,6,4,8.819999695,293.980011,Late delivery,1,Camping & Hiking,Bridgeton,EE. UU.,1771,Smith,NJ,8302,02/11/2017 3:07,San Pedro Sula,Honduras,52895,6,0.02,132247,299.980011,1,299.980011,293.980011,Diamondback Women's Serene Classic Comfort Bi,2/17/2017 3:07,Standard Class,1,kg
TRANSFER,1,0,39.31000137,122.8399963,Late delivery,1,Men's Footwear,Caguas,Puerto Rico,8029,Smith,PR,725,11/03/2015 17:26,Salem,India,21013,7.150000095,0.059999999,52510,129.9900055,1,129.9900055,122.8399963,Nike Men's CJ Elite 2 TD Football Cleat,11/04/2015 5:26,Same Day,1,kg
TRANSFER,1,0,40.86000061,120.8899994,Late delivery,1,Men's Footwear,Caguas,Puerto Rico,8029,Smith,PR,725,11/03/2015 17:26,Salem,India,21013,9.100000381,0.07,52507,129.9900055,1,129.9900055,120.8899994,Nike Men's CJ Elite 2 TD Football Cleat,11/04/2015 5:26,Same Day,1,kg
TRANSFER,1,0,14.85000038,44.99000168,Late delivery,1,Cleats,Caguas,Puerto Rico,8029,Smith,PR,725,11/03/2015 17:26,Salem,India,21013,15,0.25,52509,59.99000168,1,59.99000168,44.99000168,Perfect Fitness Perfect Rip Deck,11/04/2015 5:26,Same Day,1,kg
TRANSFER,1,0,28.35000038,377.980011,Late delivery,1,Fishing,Caguas,Puerto Rico,8029,Smith,PR,725,11/03/2015 17:26,Salem,India,21013,22,0.059999999,52508,399.980011,1,399.980011,377.980011,Field & Stream Sportsman 16 Gun Fire Safe,11/04/2015 5:26,Same Day,1,kg
TRANSFER,1,0,57.00999832,118.7799988,Late delivery,1,Cleats,Caguas,Puerto Rico,34,Smith,PR,725,7/19/2015 17:03,Lunel,Francia,13682,1.200000048,0.01,34279,59.99000168,2,119.9800034,118.7799988,Perfect Fitness Perfect Rip Deck,7/20/2015 5:03,Same Day,1,kg
TRANSFER,4,2,14.68999958,129.9900055,Late delivery,1,Men's Footwear,Caguas,Puerto Rico,11007,Smith,PR,725,01/12/2015 13:28,Potosí,Bolivia,793,0,0,1961,129.9900055,1,129.9900055,129.9900055,Nike Men's CJ Elite 2 TD Football Cleat,1/16/2015 13:28,Second Class,1,kg
TRANSFER,4,2,-1.669999957,128.6900024,Late delivery,1,Men's Footwear,Caguas,Puerto Rico,11007,Smith,PR,725,01/12/2015 13:28,Potosí,Bolivia,793,1.299999952,0.01,1959,129.9900055,1,129.9900055,128.6900024,Nike Men's CJ Elite 2 TD Football Cleat,1/16/2015 13:28,Second Class,1,kg
TRANSFER,4,2,3.25999999,19.19000053,Late delivery,1,Golf Balls,Caguas,Puerto Rico,11007,Smith,PR,725,01/12/2015 13:28,Potosí,Bolivia,793,0.800000012,0.039999999,1960,19.98999977,1,19.98999977,19.19000053,Glove It Women's Mod Oval Golf Glove,1/16/2015 13:28,Second Class,1,kg
TRANSFER,5,2,79.18000031,158.3600006,Late delivery,1,Shop By Sport,Caguas,Puerto Rico,9836,Sullivan,PR,725,6/29/2017 6:47,Baden-Baden,Alemania,62359,1.600000024,0.01,155890,39.99000168,4,159.9600067,158.3600006,Under Armour Girls' Toddler Spine Surge Runni,07/04/2017 6:47,Second Class,1,kg
TRANSFER,5,2,61.13999939,156.7599945,Late delivery,1,Shop By Sport,Caguas,Puerto Rico,9836,Sullivan,PR,725,6/29/2017 6:47,Baden-Baden,Alemania,62359,3.200000048,0.02,155889,39.99000168,4,159.9600067,156.7599945,Under Armour Girls' Toddler Spine Surge Runni,07/04/2017 6:47,Second Class,1,kg
TRANSFER,4,2,-33.09000015,176,Late delivery,1,Women's Apparel,Caguas,Puerto Rico,11007,Smith,PR,725,01/12/2015 13:28,Potosí,Bolivia,793,24,0.119999997,1963,50,4,200,176,Nike Men's Dri-FIT Victory Golf Polo,1/16/2015 13:28,Second Class,1,kg
TRANSFER,4,2,18.01000023,130.5,Late delivery,1,Cardio Equipment,Caguas,Puerto Rico,11007,Smith,PR,725,01/12/2015 13:28,Potosí,Bolivia,793,19.5,0.129999995,1962,30,5,150,130.5,Nike Women's Tempo Shorts,1/16/2015 13:28,Second Class,1,kg
TRANSFER,4,4,79.94000244,245.9799957,Shipping on time,0,Camping & Hiking,Caguas,Puerto Rico,8149,Clark,PR,725,07/05/2017 20:05,Ponferrada,España,62808,54,0.180000007,157037,299.980011,1,299.980011,245.9799957,Diamondback Women's Serene Classic Comfort Bi,07/09/2017 20:05,Standard Class,1,kg
TRANSFER,3,4,-78.29000092,52.18999863,Advance shipping,0,Cleats,Caguas,Puerto Rico,9376,Hill,PR,725,9/26/2015 0:40,Manchester,Reino Unido,18362,7.800000191,0.129999995,45887,59.99000168,1,59.99000168,52.18999863,Perfect Fitness Perfect Rip Deck,9/29/2015 0:40,Standard Class,1,kg
TRANSFER,2,4,7.559999943,377.980011,Advance shipping,0,Fishing,Caguas,Puerto Rico,9839,Doyle,PR,725,10/07/2015 2:35,Barcelona,España,19121,22,0.059999999,47790,399.980011,1,399.980011,377.980011,Field & Stream Sportsman 16 Gun Fire Safe,10/09/2015 2:35,Standard Class,1,kg
TRANSFER,5,4,11.11999989,52.18999863,Late delivery,1,Cleats,Caguas,Puerto Rico,11472,Case,PR,725,1/27/2017 5:25,Mejicanos,El Salvador,51874,7.800000191,0.129999995,129619,59.99000168,1,59.99000168,52.18999863,Perfect Fitness Perfect Rip Deck,02/01/2017 5:25,Standard Class,1,kg
TRANSFER,2,4,-36.81000137,47.5,Advance shipping,0,Women's Apparel,Bayamon,Puerto Rico,11449,Smith,PR,957,3/31/2017 5:51,Panama City,Panamá,56191,2.5,0.050000001,140546,50,1,50,47.5,Nike Men's Dri-FIT Victory Golf Polo,04/02/2017 5:51,Standard Class,1,kg
TRANSFER,5,4,-297.4899902,339.980011,Late delivery,1,Fishing,Caguas,Puerto Rico,6023,Webb,PR,725,5/28/2015 18:32,Pilar,Brasil,10124,60,0.150000006,25293,399.980011,1,399.980011,339.980011,Field & Stream Sportsman 16 Gun Fire Safe,06/02/2015 18:32,Standard Class,1,kg
TRANSFER,4,4,1.210000038,10.72999954,Shipping on time,0,CDs ,Caguas,Puerto Rico,17761,Lambert,PR,725,12/19/2017 6:01,Suzhou,China,74208,0.560000002,0.050000001,177523,11.28999996,1,11.28999996,10.72999954,CDs of rock,12/23/2017 6:01,Standard Class,1,kg
TRANSFER,2,4,6.300000191,90,Advance shipping,0,Women's Apparel,Caguas,Puerto Rico,9839,Doyle,PR,725,10/07/2015 2:35,Barcelona,España,19121,10,0.100000001,47791,50,2,100,90,Nike Men's Dri-FIT Victory Golf Polo,10/09/2015 2:35,Standard Class,1,kg
TRANSFER,2,4,9.380000114,83,Advance shipping,0,Women's Apparel,Caguas,Puerto Rico,2205,Rodriguez,PR,725,9/29/2015 19:24,Rome,Italia,18621,17,0.170000002,46540,50,2,100,83,Nike Men's Dri-FIT Victory Golf Polo,10/01/2015 19:24,Standard Class,1,kg
TRANSFER,5,4,29.25,75,Late delivery,1,Women's Apparel,Caguas,Puerto Rico,6023,Webb,PR,725,5/28/2015 18:32,Pilar,Brasil,10124,25,0.25,25294,50,2,100,75,Nike Men's Dri-FIT Victory Golf Polo,06/02/2015 18:32,Standard Class,1,kg
PAYMENT,6,2,75.65000153,290.980011,Late delivery,1,Camping & Hiking,Caguas,Puerto Rico,3493,Simmons,PR,725,7/21/2015 17:24,Manchester,Reino Unido,13820,9,0.029999999,34620,299.980011,1,299.980011,290.980011,Diamondback Women's Serene Classic Comfort Bi,7/27/2015 17:24,Second Class,1,kg
PAYMENT,6,2,116.3899994,387.980011,Late delivery,1,Fishing,Caguas,Puerto Rico,3493,Simmons,PR,725,7/21/2015 17:24,Manchester,Reino Unido,13820,12,0.029999999,34619,399.980011,1,399.980011,387.980011,Field & Stream Sportsman 16 Gun Fire Safe,7/27/2015 17:24,Second Class,1,kg
PAYMENT,4,2,88.20999908,260.980011,Late delivery,1,Camping & Hiking,Caguas,Puerto Rico,9,Perez,PR,725,10/04/2015 3:28,Estocolmo,Suecia,18918,39,0.129999995,47311,299.980011,1,299.980011,260.980011,Diamondback Women's Serene Classic Comfort Bi,10/08/2015 3:28,Second Class,1,kg
PAYMENT,4,2,16.29999924,100,Late delivery,1,Women's Apparel,Caguas,Puerto Rico,9,Perez,PR,725,10/04/2015 3:28,Estocolmo,Suecia,18918,0,0,47314,50,2,100,100,Nike Men's Dri-FIT Victory Golf Polo,10/08/2015 3:28,Second Class,1,kg
PAYMENT,6,2,45.34999847,151.1699982,Late delivery,1,Cleats,Caguas,Puerto Rico,3493,Simmons,PR,725,7/21/2015 17:24,Manchester,Reino Unido,13820,28.79999924,0.159999996,34622,59.99000168,3,179.9700012,151.1699982,Perfect Fitness Perfect Rip Deck,7/27/2015 17:24,Second Class,1,kg
PAYMENT,4,2,-453.519989,283.4500122,Late delivery,1,Cleats,Caguas,Puerto Rico,9,Perez,PR,725,10/04/2015 3:28,Estocolmo,Suecia,18918,16.5,0.059999999,47313,59.99000168,5,299.9500122,283.4500122,Perfect Fitness Perfect Rip Deck,10/08/2015 3:28,STANDARD CLASS,1,kg
PAYMENT,6,2,-143.5,205,Late delivery,1,Women's Apparel,Caguas,Puerto Rico,1679,Smith,PR,725,2/21/2016 10:58,Probolinggo,Indonesia,28530,45,0.180000007,71399,50,5,250,205,Nike Men's Dri-FIT Victory Golf Polo,2/27/2016 10:58,Second Class,1,kg
PAYMENT,4,4,4.269999981,427.1799927,Shipping on time,0,Cameras ,Caguas,Puerto Rico,13251,Hobbs,PR,725,10/14/2017 9:57,Redditch,Reino Unido,69698,24.86000061,0.059999999,173013,452.0400085,1,452.0400085,427.1799927,Web Camera,10/18/2017 9:57,Standard Class,1,kg
PAYMENT,6,4,4.360000134,49.5,Late delivery,1,Women's Apparel,Caguas,Puerto Rico,4597,Smith,PR,725,07/05/2015 12:31,London,Reino Unido,12710,0.5,0.01,31809,50,1,50,49.5,Nike Men's Dri-FIT Victory Golf Polo,07/11/2015 12:31,Standard Class,1,kg
PAYMENT,2,4,34.86999893,112.4899979,Advance shipping,0,Soccer,Caguas,Puerto Rico,11591,Alexander,PR,725,06/05/2017 12:25,Portmore,Jamaica,60731,12.5,0.100000001,151989,124.9899979,1,124.9899979,112.4899979,Nike Men's Fingertrap Max Training Shoe,06/07/2017 12:25,Standard Class,1,kg
PAYMENT,2,4,-25.73999977,94.98999786,Advance shipping,0,Cardio Equipment,Caguas,Puerto Rico,11591,Alexander,PR,725,06/05/2017 12:25,Portmore,Jamaica,60731,5,0.050000001,151991,99.98999786,1,99.98999786,94.98999786,Nike Men's Free 5.0+ Running Shoe,06/07/2017 12:25,Standard Class,1,kg
PAYMENT,2,4,-350.9700012,129.9900055,Advance shipping,0,Men's Footwear,Caguas,Puerto Rico,2277,Arnold,PR,725,5/18/2015 3:29,Santiago de Cuba,Cuba,9396,0,0,23447,129.9900055,1,129.9900055,129.9900055,Nike Men's CJ Elite 2 TD Football Cleat,5/20/2015 3:29,Standard Class,1,kg
PAYMENT,2,4,-19.11000061,109.1900024,Advance shipping,0,Men's Footwear,Caguas,Puerto Rico,11591,Alexander,PR,725,06/05/2017 12:25,Portmore,Jamaica,60731,20.79999924,0.159999996,151990,129.9900055,1,129.9900055,109.1900024,Nike Men's CJ Elite 2 TD Football Cleat,06/07/2017 12:25,Standard Class,1,kg
PAYMENT,2,4,-28.05999947,109.1900024,Advance shipping,0,Men's Footwear,Caguas,Puerto Rico,12409,Mccann,PR,725,1/25/2017 22:35,Cienfuegos,Cuba,51786,20.79999924,0.159999996,129385,129.9900055,1,129.9900055,109.1900024,Nike Men's CJ Elite 2 TD Football Cleat,1/27/2017 22:35,Standard Class,1,kg
PAYMENT,2,4,46.79999924,97.48999786,Advance shipping,0,Men's Footwear,Caguas,Puerto Rico,2277,Arnold,PR,725,5/18/2015 3:29,Santiago de Cuba,Cuba,9396,32.5,0.25,23448,129.9900055,1,129.9900055,97.48999786,Nike Men's CJ Elite 2 TD Football Cleat,5/20/2015 3:29,Standard Class,1,kg
PAYMENT,2,4,-59.83000183,35.18999863,Advance shipping,0,Shop By Sport,Caguas,Puerto Rico,11591,Alexander,PR,725,06/05/2017 12:25,Portmore,Jamaica,60731,4.800000191,0.119999997,151992,39.99000168,1,39.99000168,35.18999863,Under Armour Girls' Toddler Spine Surge Runni,06/07/2017 12:25,Standard Class,1,kg
PAYMENT,2,4,17.23999977,35.18999863,Advance shipping,0,Shop By Sport,Caguas,Puerto Rico,2277,Arnold,PR,725,5/18/2015 3:29,Santiago de Cuba,Cuba,9396,4.800000191,0.119999997,23450,39.99000168,1,39.99000168,35.18999863,Under Armour Girls' Toddler Spine Surge Runni,5/20/2015 3:29,Standard Class,1,kg
PAYMENT,2,4,11.73999977,37.5,Advance shipping,0,Women's Apparel,Caguas,Puerto Rico,12409,Mccann,PR,725,1/25/2017 22:35,Cienfuegos,Cuba,51786,12.5,0.25,129387,50,1,50,37.5,Nike Men's Dri-FIT Victory Golf Polo,1/27/2017 22:35,Standard Class,1,kg
PAYMENT,4,4,34.3199997,114.3899994,Shipping on time,0,Men's Footwear,Caguas,Puerto Rico,1778,Bishop,PR,725,02/08/2016 1:42,Wuxi,China,27613,15.60000038,0.119999997,69142,129.9900055,1,129.9900055,114.3899994,Nike Men's CJ Elite 2 TD Football Cleat,02/12/2016 1:42,Standard Class,1,kg
PAYMENT,2,4,17.15999985,114.3899994,Advance shipping,0,Men's Footwear,Caguas,Puerto Rico,7158,Todd,PR,725,12/24/2015 6:40,Semarang,Indonesia,24476,15.60000038,0.119999997,61256,129.9900055,1,129.9900055,114.3899994,Nike Men's CJ Elite 2 TD Football Cleat,12/26/2015 6:40,Standard Class,1,kg
PAYMENT,4,4,21.48999977,113.0899963,Shipping on time,0,Men's Footwear,Caguas,Puerto Rico,1778,Bishop,PR,725,02/08/2016 1:42,Wuxi,China,27613,16.89999962,0.129999995,69141,129.9900055,1,129.9900055,113.0899963,Nike Men's CJ Elite 2 TD Football Cleat,02/12/2016 1:42,Standard Class,1,kg
PAYMENT,6,4,49.02999878,106.5899963,Late delivery,1,Men's Footwear,Caguas,Puerto Rico,9749,Mcguire,PR,725,3/30/2016 18:38,Cessnock,Australia,31155,23.39999962,0.180000007,77862,129.9900055,1,129.9900055,106.5899963,Nike Men's CJ Elite 2 TD Football Cleat,04/05/2016 18:38,Standard Class,1,kg
PAYMENT,6,4,13,103.9899979,Late delivery,1,Men's Footwear,Caguas,Puerto Rico,9749,Mcguire,PR,725,3/30/2016 18:38,Cessnock,Australia,31155,26,0.200000003,77861,129.9900055,1,129.9900055,103.9899979,Nike Men's CJ Elite 2 TD Football Cleat,04/05/2016 18:38,Standard Class,1,kg
DEBIT,2,4,8.159999847,30.21999931,Advance shipping,0,Trade-In,Virginia Beach,EE. UU.,6056,Flores,VA,23464,5/25/2015 22:55,Soyapango,El Salvador,9931,1.75999999,0.059999999,24808,15.98999977,2,31.97999954,30.21999931,Glove It Urban Brick Golf Towel,5/27/2015 22:55,Standard Class,1,kg
DEBIT,6,4,18.20000076,181.9799957,Late delivery,1,Cardio Equipment,Metairie,EE. UU.,1018,Smith,LA,70003,5/27/2016 8:44,Jacksonville,Estados Unidos,35100,18,0.090000004,87659,99.98999786,2,199.9799957,181.9799957,Nike Men's Free 5.0+ Running Shoe,06/02/2016 8:44,Standard Class,1,kg
DEBIT,4,4,21.75,75,Shipping on time,0,Women's Apparel,Elmhurst,EE. UU.,1501,Smith,IL,60126,5/18/2016 5:04,Fort Collins,Estados Unidos,34473,25,0.25,86111,50,2,100,75,Nike Men's Dri-FIT Victory Golf Polo,5/22/2016 5:04,Standard Class,1,kg
DEBIT,5,4,66.15000153,147,Late delivery,1,Women's Apparel,Baldwin Park,EE. UU.,8674,Rhodes,CA,91706,8/14/2015 15:37,Huelva,España,15459,3,0.02,38632,50,3,150,147,Nike Men's Dri-FIT Victory Golf Polo,8/19/2015 15:37,Standard Class,1,kg
DEBIT,6,4,110.3899994,239.9799957,Late delivery,1,Cardio Equipment,Rowland Heights,EE. UU.,7777,Rogers,CA,91748,4/16/2015 3:52,Huehuetenango,Guatemala,7205,59.99000168,0.200000003,18037,99.98999786,3,299.9700012,239.9799957,Nike Men's Free 5.0+ Running Shoe,4/22/2015 3:52,Standard Class,1,kg
DEBIT,3,4,50.49000168,149.3800049,Advance shipping,0,Cleats,Wayne,EE. UU.,10506,Smith,NJ,7470,5/28/2015 14:20,Indaial,Brasil,10112,30.59000015,0.170000002,25268,59.99000168,3,179.9700012,149.3800049,Perfect Fitness Perfect Rip Deck,5/31/2015 14:20,Standard Class,1,kg
DEBIT,6,4,20.34000015,179.9700012,Late delivery,1,Cleats,Far Rockaway,EE. UU.,5469,Bradley,NY,11691,2/23/2016 12:01,Anshan,China,28670,0,0,71761,59.99000168,3,179.9700012,179.9700012,Perfect Fitness Perfect Rip Deck,2/29/2016 12:01,Standard Class,1,kg
DEBIT,6,4,27.54000092,161.9700012,Late delivery,1,Cleats,Metairie,EE. UU.,1018,Smith,LA,70003,5/27/2016 8:44,Jacksonville,Estados Unidos,35100,18,0.100000001,87661,59.99000168,3,179.9700012,161.9700012,Perfect Fitness Perfect Rip Deck,06/02/2016 8:44,Standard Class,1,kg
DEBIT,2,4,23.95999908,147,Advance shipping,0,Women's Apparel,Modesto,EE. UU.,12330,Roy,CA,95351,07/07/2016 23:34,Gilbert,Estados Unidos,37951,3,0.02,94739,50,3,150,147,Nike Men's Dri-FIT Victory Golf Polo,07/09/2016 23:34,Standard Class,1,kg
DEBIT,3,4,25.62000084,226.7599945,Advance shipping,0,Cleats,Fresno,EE. UU.,974,Smith,CA,93727,12/13/2016 7:24,Kigali,Ruanda,48797,13.19999981,0.059999999,122041,59.99000168,4,239.9600067,226.7599945,Perfect Fitness Perfect Rip Deck,12/16/2016 7:24,Standard Class,1,kg
DEBIT,6,4,44.79000092,127.9700012,Late delivery,1,Shop By Sport,Clementon,EE. UU.,4353,Sutton,NJ,8021,06/06/2015 4:20,Montfermeil,Francia,10700,31.98999977,0.200000003,26780,39.99000168,4,159.9600067,127.9700012,Under Armour Girls' Toddler Spine Surge Runni,06/12/2015 4:20,Standard Class,1,kg
DEBIT,4,4,101.3600006,211.1600037,Shipping on time,0,Cleats,Mount Pleasant,EE. UU.,11899,Taylor,MI,48858,08/11/2017 21:57,Getxo,España,65348,28.79999924,0.119999997,163325,59.99000168,4,239.9600067,211.1600037,Perfect Fitness Perfect Rip Deck,8/15/2017 21:57,Standard Class,1,kg
DEBIT,3,4,55.43999863,331.9700012,Advance shipping,0,Cardio Equipment,Brooklyn,EE. UU.,2687,Smith,NY,11226,05/04/2015 17:31,Villa Nueva,Guatemala,8477,67.98999786,0.170000002,21161,99.98999786,4,399.9599915,331.9700012,Nike Men's Free 5.0+ Running Shoe,05/07/2015 17:31,Standard Class,1,kg
DEBIT,3,4,76.43000031,235.1600037,Advance shipping,0,Cleats,Wayne,EE. UU.,10506,Smith,NJ,7470,5/28/2015 14:20,Indaial,Brasil,10112,4.800000191,0.02,25269,59.99000168,4,239.9600067,235.1600037,Perfect Fitness Perfect Rip Deck,5/31/2015 14:20,Standard Class,1,kg
DEBIT,2,4,24.94000053,63.95999908,Advance shipping,0,Trade-In,Spring,EE. UU.,91,Smith,TX,77379,02/05/2017 19:35,Villa Canales,Guatemala,52531,0,0,131302,15.98999977,4,63.95999908,63.95999908,Glove It Imperial Golf Towel,02/07/2017 19:35,Standard Class,1,kg
DEBIT,6,4,66.80000305,230.3600006,Late delivery,1,Cleats,Far Rockaway,EE. UU.,5469,Bradley,NY,11691,2/23/2016 12:01,Anshan,China,28670,9.600000381,0.039999999,71763,59.99000168,4,239.9600067,230.3600006,Perfect Fitness Perfect Rip Deck,2/29/2016 12:01,Standard Class,1,kg
DEBIT,2,4,35.18999863,127.9700012,Advance shipping,0,Shop By Sport,Modesto,EE. UU.,12330,Roy,CA,95351,07/07/2016 23:34,Gilbert,Estados Unidos,37951,31.98999977,0.200000003,94738,39.99000168,4,159.9600067,127.9700012,Under Armour Girls' Toddler Spine Surge Runni,07/09/2016 23:34,Standard Class,1,kg
DEBIT,4,4,159.0599976,387.9599915,Shipping on time,0,Cardio Equipment,Elmhurst,EE. UU.,1501,Smith,IL,60126,5/18/2016 5:04,Fort Collins,Estados Unidos,34473,12,0.029999999,86110,99.98999786,4,399.9599915,387.9599915,Nike Men's Free 5.0+ Running Shoe,5/22/2016 5:04,Standard Class,1,kg
PAYMENT,6,4,21.11000061,47.97999954,Late delivery,1,Indoor/Outdoor Games,Sugar Land,EE. UU.,8321,Smith,TX,77478,04/09/2016 1:06,Seattle,Estados Unidos,31790,2,0.039999999,79434,49.97999954,1,49.97999954,47.97999954,O'Brien Men's Neoprene Life Vest,4/15/2016 1:06,Standard Class,1,kg
TRANSFER,2,1,-203.9199982,127.4499969,Late delivery,1,Indoor/Outdoor Games,Caguas,Puerto Rico,3325,Rios,PR,725,04/02/2016 2:41,San Francisco,Estados Unidos,31315,22.48999977,0.150000006,78279,49.97999954,3,149.9400024,127.4499969,O'Brien Men's Neoprene Life Vest,04/04/2016 2:41,First Class,1,kg
TRANSFER,2,1,12.18000031,43.47999954,Late delivery,1,Indoor/Outdoor Games,Caguas,Puerto Rico,3325,Rios,PR,725,04/02/2016 2:41,San Francisco,Estados Unidos,31315,6.5,0.129999995,78278,49.97999954,1,49.97999954,43.47999954,O'Brien Men's Neoprene Life Vest,04/04/2016 2:41,First Class,1,kg
TRANSFER,3,4,28.20000076,90.95999908,Advance shipping,0,Indoor/Outdoor Games,Caguas,Puerto Rico,11142,Gonzales,PR,725,03/09/2016 15:20,Yibin,China,29707,9,0.090000004,74323,49.97999954,2,99.95999908,90.95999908,O'Brien Men's Neoprene Life Vest,03/12/2016 15:20,Standard Class,1,kg
DEBIT,6,4,9.300000191,49.47999954,Late delivery,1,Indoor/Outdoor Games,Far Rockaway,EE. UU.,5469,Bradley,NY,11691,2/23/2016 12:01,Anshan,China,28670,0.5,0.01,71762,49.97999954,1,49.97999954,49.47999954,O'Brien Men's Neoprene Life Vest,2/29/2016 12:01,Standard Class,1,kg
CASH,2,1,31.48999977,89.95999908,Late delivery,1,Indoor/Outdoor Games,Vega Baja,Puerto Rico,6648,Ho,PR,693,2/22/2016 7:38,Nagpur,India,28589,10,0.100000001,71548,49.97999954,2,99.95999908,89.95999908,O'Brien Men's Neoprene Life Vest,2/24/2016 7:38,First Class,1,kg
CASH,2,1,57.38000107,163.9299927,Late delivery,1,Indoor/Outdoor Games,Vega Baja,Puerto Rico,6648,Ho,PR,693,2/22/2016 7:38,Nagpur,India,28589,35.99000168,0.180000007,71547,49.97999954,4,199.9199982,163.9299927,O'Brien Men's Neoprene Life Vest,2/24/2016 7:38,First Class,1,kg
DEBIT,6,4,103.4599991,224.9100037,Late delivery,1,Indoor/Outdoor Games,Ballwin,EE. UU.,5294,Smith,MO,63021,02/02/2016 2:46,Newcastle,Australia,27205,24.98999977,0.100000001,68153,49.97999954,5,249.8999939,224.9100037,O'Brien Men's Neoprene Life Vest,02/08/2016 2:46,Standard Class,1,kg
DEBIT,2,2,11.86999989,94.95999908,Shipping on time,0,Indoor/Outdoor Games,Vega Baja,Puerto Rico,9697,Williams,PR,,1/30/2016 19:04,Bendigo,Australia,27046,5,0.050000001,67765,49.97999954,2,99.95999908,94.95999908,O'Brien Men's Neoprene Life Vest,02/01/2016 19:04,Second Class,1,kg
PAYMENT,4,2,-164.8600006,224.9100037,Late delivery,1,Indoor/Outdoor Games,Des Plaines,EE. UU.,9233,Wall,IL,60016,1/23/2016 21:21,Delhi,India,26573,24.98999977,0.100000001,66537,49.97999954,5,249.8999939,224.9100037,O'Brien Men's Neoprene Life Vest,1/27/2016 21:21,Second Class,1,kg
DEBIT,2,4,22.73999977,181.9299927,Advance shipping,0,Indoor/Outdoor Games,Caguas,Puerto Rico,6382,Morales,PR,725,1/22/2016 7:52,Canberra,Australia,26466,17.98999977,0.090000004,66254,49.97999954,4,199.9199982,181.9299927,O'Brien Men's Neoprene Life Vest,1/24/2016 7:52,Standard Class,1,kg
PAYMENT,6,4,22.73999977,45.47999954,Late delivery,1,Indoor/Outdoor Games,Caguas,Puerto Rico,10451,Soto,PR,725,1/14/2016 5:04,Bekasi,Indonesia,25910,4.5,0.090000004,64854,49.97999954,1,49.97999954,45.47999954,O'Brien Men's Neoprene Life Vest,1/20/2016 5:04,Standard Class,1,kg
PAYMENT,6,4,22.04000092,44.97999954,Late delivery,1,Indoor/Outdoor Games,Caguas,Puerto Rico,10451,Soto,PR,725,1/14/2016 5:04,Bekasi,Indonesia,25910,5,0.100000001,64853,49.97999954,1,49.97999954,44.97999954,O'Brien Men's Neoprene Life Vest,1/20/2016 5:04,Standard Class,1,kg
PAYMENT,5,2,57.97999954,199.9199982,Late delivery,1,Indoor/Outdoor Games,Wayne,EE. UU.,317,Salazar,NJ,7470,1/13/2016 12:57,Tasikmalaya,Indonesia,25864,49.97999954,0.200000003,64731,49.97999954,5,249.8999939,199.9199982,O'Brien Men's Neoprene Life Vest,1/18/2016 12:57,Second Class,1,kg
TRANSFER,1,0,50.90000153,145.4400024,Late delivery,1,Indoor/Outdoor Games,Irving,EE. UU.,8377,Christian,TX,75060,01/11/2016 21:43,Brisbane,Australia,25752,4.5,0.029999999,64495,49.97999954,3,149.9400024,145.4400024,O'Brien Men's Neoprene Life Vest,01/12/2016 9:43,Same Day,1,kg
TRANSFER,1,0,46.06000137,143.9400024,Late delivery,1,Indoor/Outdoor Games,Irving,EE. UU.,8377,Christian,TX,75060,01/11/2016 21:43,Brisbane,Australia,25752,6,0.039999999,64494,49.97999954,3,149.9400024,143.9400024,O'Brien Men's Neoprene Life Vest,01/12/2016 9:43,Same Day,1,kg
PAYMENT,4,4,14.51000023,43.97999954,Shipping on time,0,Indoor/Outdoor Games,Guaynabo,Puerto Rico,7730,Thompson,PR,969,01/04/2016 2:38,Jalalabad,Afganistán,25218,6,0.119999997,63200,49.97999954,1,49.97999954,43.97999954,O'Brien Men's Neoprene Life Vest,01/08/2016 2:38,Standard Class,1,kg
DEBIT,2,1,110.9899979,236.1600037,Late delivery,1,Indoor/Outdoor Games,Caguas,Puerto Rico,5733,Fisher,PR,725,12/28/2015 17:53,Singapur,Singapur,24782,13.73999977,0.059999999,62085,49.97999954,5,249.8999939,236.1600037,O'Brien Men's Neoprene Life Vest,12/30/2015 17:53,First Class,1,kg
PAYMENT,6,2,38.45999908,142.4400024,Late delivery,1,Indoor/Outdoor Games,West Chester,EE. UU.,9587,Hawkins,PA,19382,12/27/2015 18:24,Bunbury,Australia,24715,7.5,0.050000001,61904,49.97999954,3,149.9400024,142.4400024,O'Brien Men's Neoprene Life Vest,01/02/2016 18:24,Second Class,1,kg
PAYMENT,2,4,8.699999809,173.9299927,Advance shipping,0,Indoor/Outdoor Games,Caguas,Puerto Rico,7158,Todd,PR,725,12/24/2015 6:40,Semarang,Indonesia,24476,25.98999977,0.129999995,61257,49.97999954,4,199.9199982,173.9299927,O'Brien Men's Neoprene Life Vest,12/26/2015 6:40,Standard Class,1,kg
PAYMENT,2,4,21.59000015,44.97999954,Advance shipping,0,Indoor/Outdoor Games,Caguas,Puerto Rico,7158,Todd,PR,725,12/24/2015 6:40,Semarang,Indonesia,24476,5,0.100000001,61255,49.97999954,1,49.97999954,44.97999954,O'Brien Men's Neoprene Life Vest,12/26/2015 6:40,Standard Class,1,kg
TRANSFER,2,4,14.52000046,41.47999954,Advance shipping,0,Indoor/Outdoor Games,Caguas,Puerto Rico,5243,Smith,PR,725,12/15/2015 15:58,Antipolo,Filipinas,23886,8.5,0.170000002,59795,49.97999954,1,49.97999954,41.47999954,O'Brien Men's Neoprene Life Vest,12/17/2015 15:58,Standard Class,1,kg
TRANSFER,2,4,-382.5700073,141.6900024,Advance shipping,0,Indoor/Outdoor Games,Caguas,Puerto Rico,5243,Smith,PR,725,12/15/2015 15:58,Antipolo,Filipinas,23886,8.25,0.059999999,59794,49.97999954,3,149.9400024,141.6900024,O'Brien Men's Neoprene Life Vest,12/17/2015 15:58,Standard Class,1,kg
PAYMENT,6,4,48.47999954,193.9199982,Late delivery,1,Indoor/Outdoor Games,North Richland Hills,EE. UU.,5369,Short,TX,76180,12/13/2015 0:34,Melbourne,Australia,23705,6,0.029999999,59304,49.97999954,4,199.9199982,193.9199982,O'Brien Men's Neoprene Life Vest,12/19/2015 0:34,Standard Class,1,kg
DEBIT,2,1,115.1500015,239.8999939,Late delivery,1,Indoor/Outdoor Games,Winnetka,EE. UU.,1162,Copeland,CA,91306,12/02/2015 7:03,Ludhiana,India,22970,10,0.039999999,57490,49.97999954,5,249.8999939,239.8999939,O'Brien Men's Neoprene Life Vest,12/04/2015 7:03,First Class,1,kg
DEBIT,2,1,89.02999878,237.4100037,Late delivery,1,Indoor/Outdoor Games,Winnetka,EE. UU.,1162,Copeland,CA,91306,12/02/2015 7:03,Ludhiana,India,22970,12.5,0.050000001,57488,49.97999954,5,249.8999939,237.4100037,O'Brien Men's Neoprene Life Vest,12/04/2015 7:03,First Class,1,kg
TRANSFER,6,4,136.7599945,290.980011,Late delivery,1,Camping & Hiking,Bridgeton,EE. UU.,1771,Smith,NJ,8302,02/11/2017 3:07,San Pedro Sula,Honduras,52895,9,0.029999999,132245,299.980011,1,299.980011,290.980011,Diamondback Women's Serene Classic Comfort Bi,2/17/2017 3:07,Standard Class,1,kg
TRANSFER,2,4,-22.22999954,129.9900055,Shipping canceled,0,Men's Footwear,Buffalo,EE. UU.,9579,White,NY,14221,2/25/2016 22:11,Darwin,Australia,28836,0,0,72146,129.9900055,1,129.9900055,129.9900055,Nike Men's CJ Elite 2 TD Football Cleat,2/27/2016 22:11,Standard Class,1,kg
TRANSFER,3,4,-91.47000122,124.7900009,Advance shipping,0,Men's Footwear,Normal,EE. UU.,10836,Brennan,IL,61761,12/22/2015 0:43,Perth,Australia,24322,5.199999809,0.039999999,60854,129.9900055,1,129.9900055,124.7900009,Nike Men's CJ Elite 2 TD Football Cleat,12/25/2015 0:43,Standard Class,1,kg
TRANSFER,3,4,27.79000092,123.4899979,Advance shipping,0,Men's Footwear,Normal,EE. UU.,10836,Brennan,IL,61761,12/22/2015 0:43,Perth,Australia,24322,6.5,0.050000001,60853,129.9900055,1,129.9900055,123.4899979,Nike Men's CJ Elite 2 TD Football Cleat,12/25/2015 0:43,Standard Class,1,kg
TRANSFER,3,4,-105.6399994,122.8399963,Advance shipping,0,Men's Footwear,Normal,EE. UU.,10836,Brennan,IL,61761,12/22/2015 0:43,Perth,Australia,24322,7.150000095,0.059999999,60851,129.9900055,1,129.9900055,122.8399963,Nike Men's CJ Elite 2 TD Football Cleat,12/25/2015 0:43,Standard Class,1,kg
TRANSFER,3,4,100.7900009,335.980011,Advance shipping,0,Fishing,Houston,EE. UU.,8084,Smith,TX,77036,11/01/2015 16:02,Palu,Indonesia,20872,64,0.159999996,52156,399.980011,1,399.980011,335.980011,Field & Stream Sportsman 16 Gun Fire Safe,11/04/2015 16:02,Standard Class,1,kg
TRANSFER,5,4,36,224.9900055,Late delivery,1,Camping & Hiking,Lancaster,EE. UU.,3811,Smith,CA,93536,10/27/2015 1:51,Kathmandu,Nepal,20489,75,0.25,51138,299.980011,1,299.980011,224.9900055,Diamondback Women's Serene Classic Comfort Bi,11/01/2015 1:51,Standard Class,1,kg
TRANSFER,3,4,23.52000046,391.980011,Advance shipping,0,Fishing,San Jose,EE. UU.,3071,Meadows,CA,95127,11/26/2015 16:52,Kota Kinabalu,Malasia,22587,8,0.02,56507,399.980011,1,399.980011,391.980011,Field & Stream Sportsman 16 Gun Fire Safe,11/29/2015 16:52,Standard Class,1,kg
TRANSFER,3,4,35.38999939,97.48999786,Shipping canceled,0,Men's Footwear,Lawrence,EE. UU.,4492,Hubbard,MA,1841,05/04/2016 9:39,San Francisco,Estados Unidos,33527,32.5,0.25,83694,129.9900055,1,129.9900055,97.48999786,Nike Men's CJ Elite 2 TD Football Cleat,05/07/2016 9:39,Standard Class,1,kg
TRANSFER,2,4,7.730000019,110.4899979,Advance shipping,0,Men's Footwear,Saint Charles,EE. UU.,7766,Smith,MO,63301,05/12/2016 16:59,Little Rock,Estados Unidos,34096,19.5,0.150000006,85105,129.9900055,1,129.9900055,110.4899979,Nike Men's CJ Elite 2 TD Football Cleat,5/14/2016 16:59,Standard Class,1,kg
TRANSFER,6,4,-19.92000008,99.58000183,Late delivery,1,Cleats,Newark,EE. UU.,1447,Smith,DE,19702,11/19/2016 22:09,Bo,Sierra Leona,47195,20.39999962,0.170000002,117959,59.99000168,2,119.9800034,99.58000183,Perfect Fitness Perfect Rip Deck,11/25/2016 22:09,Standard Class,1,kg
TRANSFER,3,4,33.04999924,113.9800034,Advance shipping,0,Cleats,Fort Lauderdale,EE. UU.,9253,Smith,FL,33313,7/27/2015 1:59,Alphen aan den Rijn,Países Bajos,14187,6,0.050000001,35511,59.99000168,2,119.9800034,113.9800034,Perfect Fitness Perfect Rip Deck,7/30/2015 1:59,Standard Class,1,kg
TRANSFER,5,4,28.5,95,Late delivery,1,Women's Apparel,College Station,EE. UU.,5257,Boyd,TX,77840,8/21/2015 19:17,Berlín,Alemania,15949,5,0.050000001,39852,50,2,100,95,Nike Men's Dri-FIT Victory Golf Polo,8/26/2015 19:17,Standard Class,1,kg
TRANSFER,6,4,-100.0899963,181.9799957,Late delivery,1,Cardio Equipment,Tallahassee,EE. UU.,12280,Smith,FL,32308,8/20/2017 22:07,Toulouse,Francia,65965,18,0.090000004,164859,99.98999786,2,199.9799957,181.9799957,Nike Men's Free 5.0+ Running Shoe,8/26/2017 22:07,Standard Class,1,kg
TRANSFER,5,4,48,159.9799957,Late delivery,1,Cardio Equipment,Conway,EE. UU.,1947,Rogers,AR,72032,2/26/2017 0:07,Santo Domingo,República Dominicana,53914,40,0.200000003,134800,99.98999786,2,199.9799957,159.9799957,Nike Men's Free 5.0+ Running Shoe,03/03/2017 0:07,Standard Class,1,kg
TRANSFER,5,4,35.70999908,115.1800003,Late delivery,1,Cleats,Conway,EE. UU.,1947,Rogers,AR,72032,2/26/2017 0:07,Santo Domingo,República Dominicana,53914,4.800000191,0.039999999,134801,59.99000168,2,119.9800034,115.1800003,Perfect Fitness Perfect Rip Deck,03/03/2017 0:07,Standard Class,1,kg
TRANSFER,5,4,25.22999954,87,Late delivery,1,Women's Apparel,Lancaster,EE. UU.,3811,Smith,CA,93536,10/27/2015 1:51,Kathmandu,Nepal,20489,13,0.129999995,51139,50,2,100,87,Nike Men's Dri-FIT Victory Golf Polo,11/01/2015 1:51,Standard Class,1,kg
TRANSFER,3,4,50.22000122,109.1800003,Shipping canceled,0,Cleats,Lawrence,EE. UU.,4492,Hubbard,MA,1841,05/04/2016 9:39,San Francisco,Estados Unidos,33527,10.80000019,0.090000004,83695,59.99000168,2,119.9800034,109.1800003,Perfect Fitness Perfect Rip Deck,05/07/2016 9:39,Standard Class,1,kg
TRANSFER,6,4,34.18999863,170.9700012,Late delivery,1,Cleats,Newark,EE. UU.,1447,Smith,DE,19702,11/19/2016 22:09,Bo,Sierra Leona,47195,9,0.050000001,117960,59.99000168,3,179.9700012,170.9700012,Perfect Fitness Perfect Rip Deck,11/25/2016 22:09,Standard Class,1,kg
TRANSFER,4,4,59.93000031,127.5,Shipping on time,0,Women's Apparel,Roseburg,EE. UU.,11090,Shah,OR,97470,10/12/2016 22:33,Kinshasa,República Democrática del Congo,44593,22.5,0.150000006,111333,50,3,150,127.5,Nike Men's Dri-FIT Victory Golf Polo,10/16/2016 22:33,Standard Class,1,kg
TRANSFER,6,4,-278.4100037,163.7700043,Late delivery,1,Cleats,Silver Spring,EE. UU.,1952,Smith,MD,20904,08/03/2017 0:57,Roeselare,ESTADOS UNIDOS,64740,16.20000076,0.090000004,161823,59.99000168,3,179.9700012,163.7700043,Perfect Fitness Perfect Rip Deck,08/09/2017 0:57,Standard Class,1,kg
TRANSFER,2,4,62.77999878,139.5,Advance shipping,0,Women's Apparel,New York,EE. UU.,9653,Thomas,NY,10029,10/18/2015 20:36,London,Reino Unido,19926,10.5,0.07,49811,50,3,150,139.5,Nike Men's Dri-FIT Victory Golf Polo,10/20/2015 20:36,Standard Class,1,kg
TRANSFER,6,4,47.22000122,98.37999725,Late delivery,1,Shop By Sport,Silver Spring,EE. UU.,1952,Smith,MD,20904,08/03/2017 0:57,Roeselare,Bélgica,64740,21.59000015,0.180000007,161825,39.99000168,3,119.9700012,98.37999725,Under Armour Girls' Toddler Spine Surge Runni,08/09/2017 0:57,Standard Class,1,kg
TRANSFER,5,4,71.26999664,158.3699951,Late delivery,1,Cleats,Conway,EE. UU.,1947,Rogers,AR,72032,2/26/2017 0:07,Santo Domingo,República Dominicana,53914,21.60000038,0.119999997,134802,59.99000168,3,179.9700012,158.3699951,Perfect Fitness Perfect Rip Deck,03/03/2017 0:07,Standard Class,1,kg
TRANSFER,4,4,136.4900055,363.980011,Shipping on time,0,Fishing,Caguas,Puerto Rico,8149,Clark,PR,725,07/05/2017 20:05,Ponferrada,España,62808,36,0.090000004,157038,399.980011,1,399.980011,363.980011,Field & Stream Sportsman 16 Gun Fire Safe,07/09/2017 20:05,Standard Class,1,kg
TRANSFER,5,2,89.41999817,339.980011,Late delivery,1,Fishing,Caguas,Puerto Rico,9836,Sullivan,PR,725,6/29/2017 6:47,Baden-Baden,Alemania,62359,60,0.150000006,155891,399.980011,1,399.980011,339.980011,Field & Stream Sportsman 16 Gun Fire Safe,07/04/2017 6:47,Second Class,1,kg
TRANSFER,5,2,84,335.980011,Late delivery,1,Fishing,Caguas,Puerto Rico,9836,Sullivan,PR,725,6/29/2017 6:47,Baden-Baden,Alemania,62359,64,0.159999996,155887,399.980011,1,399.980011,335.980011,Field & Stream Sportsman 16 Gun Fire Safe,07/04/2017 6:47,Second Class,1,kg
PAYMENT,3,4,136.1100006,331.980011,Advance shipping,0,Fishing,Miami,EE. UU.,8033,Estes,FL,33186,6/29/2017 6:05,Paris,Francia,62357,68,0.170000002,155882,399.980011,1,399.980011,331.980011,Field & Stream Sportsman 16 Gun Fire Safe,07/02/2017 6:05,Standard Class,1,kg
TRANSFER,4,4,91.51999664,351.980011,Shipping on time,0,Fishing,Highland,EE. UU.,12101,Smith,CA,92346,6/25/2017 4:20,Viena,Austria,62078,48,0.119999997,155226,399.980011,1,399.980011,351.980011,Field & Stream Sportsman 16 Gun Fire Safe,6/29/2017 4:20,Standard Class,1,kg
TRANSFER,4,4,160.0700073,347.980011,Shipping on time,0,Fishing,Highland,EE. UU.,12101,Smith,CA,92346,6/25/2017 4:20,Viena,Austria,62078,52,0.129999995,155222,399.980011,1,399.980011,347.980011,Field & Stream Sportsman 16 Gun Fire Safe,6/29/2017 4:20,Standard Class,1,kg
PAYMENT,6,4,176.6300049,383.980011,Late delivery,1,Fishing,Metairie,EE. UU.,6441,Harris,LA,70003,06/10/2017 7:41,San Francisco de Macorís,República Dominicana,61060,16,0.039999999,152758,399.980011,1,399.980011,383.980011,Field & Stream Sportsman 16 Gun Fire Safe,6/16/2017 7:41,Standard Class,1,kg
PAYMENT,6,4,22.79999924,379.980011,Late delivery,1,Fishing,Metairie,EE. UU.,6441,Harris,LA,70003,06/10/2017 7:41,San Francisco de Macorís,República Dominicana,61060,20,0.050000001,152755,399.980011,1,399.980011,379.980011,Field & Stream Sportsman 16 Gun Fire Safe,6/16/2017 7:41,Standard Class,1,kg
TRANSFER,1,0,-15.19999981,399.980011,Late delivery,1,Fishing,Glendale,EE. UU.,4475,Davis,AZ,85308,06/09/2017 16:16,Buenos Aires,Argentina,61016,0,0,152641,399.980011,1,399.980011,399.980011,Field & Stream Sportsman 16 Gun Fire Safe,06/10/2017 4:16,Same Day,1,kg
TRANSFER,2,1,178.5500031,371.980011,Late delivery,1,Fishing,Miami,EE. UU.,7511,Park,FL,33176,06/04/2017 9:26,San Miguelito,Panamá,60654,28,0.07,151825,399.980011,1,399.980011,371.980011,Field & Stream Sportsman 16 Gun Fire Safe,06/06/2017 9:26,First Class,1,kg
PAYMENT,2,1,139.6699982,387.980011,Late delivery,1,Fishing,Caguas,Puerto Rico,7502,Smith,PR,725,06/03/2017 12:04,Tlalnepantla,México,60593,12,0.029999999,151653,399.980011,1,399.980011,387.980011,Field & Stream Sportsman 16 Gun Fire Safe,06/05/2017 12:04,First Class,1,kg
TRANSFER,3,4,-49.68000031,359.980011,Advance shipping,0,Fishing,Caguas,Puerto Rico,2293,Collier,PR,725,06/03/2017 1:12,Santo Domingo,República Dominicana,60562,40,0.100000001,151586,399.980011,1,399.980011,359.980011,Field & Stream Sportsman 16 Gun Fire Safe,06/06/2017 1:12,Standard Class,1,kg
TRANSFER,3,4,94.63999939,363.980011,Advance shipping,0,Fishing,Caguas,Puerto Rico,865,Smith,PR,725,06/01/2017 19:26,São Gonçalo,Brasil,60477,36,0.090000004,151352,399.980011,1,399.980011,363.980011,Field & Stream Sportsman 16 Gun Fire Safe,06/04/2017 19:26,Standard Class,1,kg
DEBIT,4,4,111.9899979,399.980011,Shipping on time,0,Fishing,Caguas,Puerto Rico,5364,Colon,PR,725,5/28/2017 0:10,Spanish Town,Jamaica,60148,0,0,150527,399.980011,1,399.980011,399.980011,Field & Stream Sportsman 16 Gun Fire Safe,06/01/2017 0:10,Standard Class,1,kg
DEBIT,5,2,-547.7700195,331.980011,Late delivery,1,Fishing,Tempe,EE. UU.,1736,Smith,AZ,85283,05/08/2017 7:33,Porto Alegre,Brasil,58799,68,0.170000002,147174,399.980011,1,399.980011,331.980011,Field & Stream Sportsman 16 Gun Fire Safe,5/13/2017 7:33,Second Class,1,kg
DEBIT,5,2,41,327.980011,Late delivery,1,Fishing,Tempe,EE. UU.,1736,Smith,AZ,85283,05/08/2017 7:33,Porto Alegre,Brasil,58799,72,0.180000007,147172,399.980011,1,399.980011,327.980011,Field & Stream Sportsman 16 Gun Fire Safe,5/13/2017 7:33,Second Class,1,kg
TRANSFER,4,4,-68.16000366,319.980011,Shipping canceled,0,Fishing,Bowling Green,EE. UU.,11492,Allen,KY,42101,4/29/2017 9:29,Managua,Nicaragua,58188,80,0.200000003,145610,399.980011,1,399.980011,319.980011,Field & Stream Sportsman 16 Gun Fire Safe,05/03/2017 9:29,Standard Class,1,kg
TRANSFER,4,4,108.8899994,299.9899902,Shipping canceled,0,Fishing,Bowling Green,EE. UU.,11492,Allen,KY,42101,4/29/2017 9:29,Managua,Nicaragua,58188,100,0.25,145607,399.980011,1,399.980011,299.9899902,Field & Stream Sportsman 16 Gun Fire Safe,05/03/2017 9:29,Standard Class,1,kg
PAYMENT,3,4,123.0299988,363.980011,Advance shipping,0,Fishing,Caguas,Puerto Rico,2989,Henderson,PR,725,4/21/2017 8:27,General Escobedo,México,57637,36,0.090000004,144183,399.980011,1,399.980011,363.980011,Field & Stream Sportsman 16 Gun Fire Safe,4/24/2017 8:27,Standard Class,1,kg
DEBIT,4,4,3.519999981,351.980011,Shipping on time,0,Fishing,Caguas,Puerto Rico,190,Hayes,PR,725,4/19/2017 2:30,Ilopango,El Salvador,57483,48,0.119999997,143805,399.980011,1,399.980011,351.980011,Field & Stream Sportsman 16 Gun Fire Safe,4/23/2017 2:30,Standard Class,1,kg
DEBIT,3,4,126.0899963,387.980011,Advance shipping,0,Fishing,Escondido,EE. UU.,10643,Delgado,CA,92025,4/13/2017 18:16,Mixco,Guatemala,57117,12,0.029999999,142872,399.980011,1,399.980011,387.980011,Field & Stream Sportsman 16 Gun Fire Safe,4/16/2017 18:16,Standard Class,1,kg
CASH,2,4,125.7300034,371.980011,Advance shipping,0,Fishing,Caguas,Puerto Rico,9368,Cabrera,PR,725,04/11/2017 11:37,Carrefour,Haití,56961,28,0.07,142465,399.980011,1,399.980011,371.980011,Field & Stream Sportsman 16 Gun Fire Safe,4/13/2017 11:37,Standard Class,1,kg
DEBIT,2,4,115.9899979,399.980011,Advance shipping,0,Fishing,Caguas,Puerto Rico,10482,Rivera,PR,725,3/16/2017 12:00,David,Panamá,55181,0,0,138005,399.980011,1,399.980011,399.980011,Field & Stream Sportsman 16 Gun Fire Safe,3/18/2017 12:00,Standard Class,1,kg
DEBIT,3,4,123.4100037,339.980011,Advance shipping,0,Fishing,Las Vegas,EE. UU.,11825,Nunez,NV,89117,03/03/2017 21:18,Santo Domingo,República Dominicana,54317,60,0.150000006,135830,399.980011,1,399.980011,339.980011,Field & Stream Sportsman 16 Gun Fire Safe,03/06/2017 21:18,Standard Class,1,kg
TRANSFER,5,4,-84,335.980011,Late delivery,1,Fishing,Conway,EE. UU.,1947,Rogers,AR,72032,2/26/2017 0:07,Santo Domingo,República Dominicana,53914,64,0.159999996,134803,399.980011,1,399.980011,335.980011,Field & Stream Sportsman 16 Gun Fire Safe,03/03/2017 0:07,Standard Class,1,kg
DEBIT,2,1,181.4299927,377.980011,Late delivery,1,Fishing,Los Angeles,EE. UU.,9096,Andrews,CA,90007,2/21/2017 22:43,San Pedro de Macorís,República Dominicana,53636,22,0.059999999,134076,399.980011,1,399.980011,377.980011,Field & Stream Sportsman 16 Gun Fire Safe,2/23/2017 22:43,First Class,1,kg
TRANSFER,2,4,17.69000053,156.5700073,Advance shipping,0,Cleats,Bayamon,Puerto Rico,11449,Smith,PR,957,3/31/2017 5:51,Panama City,Panamá,56191,23.39999962,0.129999995,140547,59.99000168,3,179.9700012,156.5700073,Perfect Fitness Perfect Rip Deck,04/02/2017 5:51,Standard Class,1,kg
TRANSFER,5,4,69.83999634,145.5,Late delivery,1,Women's Apparel,Caguas,Puerto Rico,6023,Webb,PR,725,5/28/2015 18:32,Pilar,Brasil,10124,4.5,0.029999999,25292,50,3,150,145.5,Nike Men's Dri-FIT Victory Golf Polo,06/02/2015 18:32,Standard Class,1,kg
CASH,5,2,103.8300018,346.1099854,Late delivery,1,Crafts,Caguas,Puerto Rico,14772,Banks,PR,725,11/05/2017 14:50,Estocolmo,Suecia,71219,115.3700027,0.25,174534,461.480011,1,461.480011,346.1099854,Porcelain crafts,11/10/2017 14:50,Second Class,1,kg
CASH,2,4,2.519999981,126.0899963,Advance shipping,0,Men's Footwear,Caguas,Puerto Rico,1780,Sharp,PR,725,11/18/2016 0:57,Khomeynishahr,Irán,47066,3.900000095,0.029999999,117643,129.9900055,1,129.9900055,126.0899963,Nike Men's CJ Elite 2 TD Football Cleat,11/20/2016 0:57,Standard Class,1,kg
CASH,5,4,31.29000092,107.8899994,Late delivery,1,Men's Footwear,Caguas,Puerto Rico,10372,Martin,PR,725,08/02/2016 13:43,Newark,Estados Unidos,39704,22.10000038,0.170000002,99051,129.9900055,1,129.9900055,107.8899994,Nike Men's CJ Elite 2 TD Football Cleat,08/07/2016 13:43,Standard Class,1,kg
CASH,2,4,21.84000015,84,Advance shipping,0,Women's Apparel,Caguas,Puerto Rico,1780,Sharp,PR,725,11/18/2016 0:57,Khomeynishahr,Irán,47066,16,0.159999996,117644,50,2,100,84,Nike Men's Dri-FIT Victory Golf Polo,11/20/2016 0:57,Standard Class,1,kg
DEBIT,2,1,32.02999878,114.3899994,Late delivery,1,Men's Footwear,Caguas,Puerto Rico,1677,Robles,PR,725,6/16/2015 14:49,Lyon,Francia,11415,15.60000038,0.119999997,28547,129.9900055,1,129.9900055,114.3899994,Nike Men's CJ Elite 2 TD Football Cleat,6/18/2015 14:49,First Class,1,kg
DEBIT,2,1,52.02000046,113.0899963,Late delivery,1,Men's Footwear,Caguas,Puerto Rico,1677,Robles,PR,725,6/16/2015 14:49,Lyon,Francia,11415,16.89999962,0.129999995,28544,129.9900055,1,129.9900055,113.0899963,Nike Men's CJ Elite 2 TD Football Cleat,6/18/2015 14:49,First Class,1,kg
DEBIT,2,1,82.30999756,293.980011,Late delivery,1,Camping & Hiking,Caguas,Puerto Rico,1677,Robles,PR,725,6/16/2015 14:49,Lyon,Francia,11415,6,0.02,28548,299.980011,1,299.980011,293.980011,Diamondback Women's Serene Classic Comfort Bi,6/18/2015 14:49,First Class,1,kg
DEBIT,2,1,-3.390000105,116.9899979,Late delivery,1,Men's Footwear,Caguas,Puerto Rico,10638,Young,PR,725,4/17/2016 9:51,Toledo,Estados Unidos,32363,13,0.100000001,80939,129.9900055,1,129.9900055,116.9899979,Nike Men's CJ Elite 2 TD Football Cleat,4/19/2016 9:51,First Class,1,kg
DEBIT,2,1,13.77000046,43.97999954,Late delivery,1,Accessories,Caguas,Puerto Rico,1677,Robles,PR,725,6/16/2015 14:49,Lyon,Francia,11415,6,0.119999997,28546,24.98999977,2,49.97999954,43.97999954,Team Golf Tennessee Volunteers Putter Grip,6/18/2015 14:49,First Class,1,kg
DEBIT,2,1,-134.3300018,83.95999908,Late delivery,1,Golf Balls,Caguas,Puerto Rico,1677,Robles,PR,725,6/16/2015 14:49,Lyon,Francia,11415,15.98999977,0.159999996,28545,19.98999977,5,99.94999695,83.95999908,Glove It Women's Imperial Golf Glove,6/18/2015 14:49,First Class,1,kg
PAYMENT,5,4,14.88000011,236.1600037,Late delivery,1,Indoor/Outdoor Games,Plainfield,EE. UU.,6038,Brooks,NJ,7060,11/14/2015 13:02,Bekasi,Indonesia,21754,13.73999977,0.059999999,54425,49.97999954,5,249.8999939,236.1600037,O'Brien Men's Neoprene Life Vest,11/19/2015 13:02,Standard Class,1,kg
PAYMENT,5,4,12.73999977,127.4499969,Late delivery,1,Indoor/Outdoor Games,Plainfield,EE. UU.,6038,Brooks,NJ,7060,11/14/2015 13:02,Bekasi,Indonesia,21754,22.48999977,0.150000006,54424,49.97999954,3,149.9400024,127.4499969,O'Brien Men's Neoprene Life Vest,11/19/2015 13:02,Standard Class,1,kg
PAYMENT,4,2,-143.4400024,81.97000122,Late delivery,1,Indoor/Outdoor Games,Caguas,Puerto Rico,9,Perez,PR,725,10/04/2015 3:28,Estocolmo,Suecia,18918,17.98999977,0.180000007,47312,49.97999954,2,99.95999908,81.97000122,O'Brien Men's Neoprene Life Vest,10/08/2015 3:28,Second Class,1,kg
DEBIT,5,4,42.24000168,134.9499969,Late delivery,1,Indoor/Outdoor Games,Carolina,Puerto Rico,3976,Costa,PR,983,9/16/2015 20:39,Bochum,Alemania,17734,14.98999977,0.100000001,44312,49.97999954,3,149.9400024,134.9499969,O'Brien Men's Neoprene Life Vest,9/21/2015 20:39,Standard Class,1,kg
TRANSFER,5,4,91.95999908,199.9199982,Late delivery,1,Indoor/Outdoor Games,College Station,EE. UU.,5257,Boyd,TX,77840,8/21/2015 19:17,Berlín,Alemania,15949,49.97999954,0.200000003,39853,49.97999954,5,249.8999939,199.9199982,O'Brien Men's Neoprene Life Vest,8/26/2015 19:17,Standard Class,1,kg
TRANSFER,5,4,32.49000168,99.95999908,Late delivery,1,Indoor/Outdoor Games,College Station,EE. UU.,5257,Boyd,TX,77840,8/21/2015 19:17,Berlín,Alemania,15949,0,0,39849,49.97999954,2,99.95999908,99.95999908,O'Brien Men's Neoprene Life Vest,8/26/2015 19:17,Standard Class,1,kg
TRANSFER,6,2,32.65999985,89.95999908,Late delivery,1,Indoor/Outdoor Games,Gardena,EE. UU.,2906,Smith,CA,90247,8/19/2015 11:35,Bochum,Alemania,15790,10,0.100000001,39473,49.97999954,2,99.95999908,89.95999908,O'Brien Men's Neoprene Life Vest,8/25/2015 11:35,Second Class,1,kg
TRANSFER,3,4,-9.68999958,84.97000122,Shipping canceled,0,Indoor/Outdoor Games,Caguas,Puerto Rico,2881,Smith,PR,725,8/18/2015 15:16,Rouen,Francia,15732,14.98999977,0.150000006,39337,49.97999954,2,99.95999908,84.97000122,O'Brien Men's Neoprene Life Vest,8/21/2015 15:16,Standard Class,1000,kg
TRANSFER,3,4,5.420000076,47.97999954,Shipping canceled,0,Indoor/Outdoor Games,Caguas,Puerto Rico,2881,Smith,PR,725,8/18/2015 15:16,Rouen,Francia,15732,2,0.039999999,39336,49.97999954,1,49.97999954,47.97999954,O'Brien Men's Neoprene Life Vest,8/21/2015 15:16,Standard Class,1,kg
DEBIT,5,4,57.16999817,139.4400024,Late delivery,1,Indoor/Outdoor Games,Baldwin Park,EE. UU.,8674,Rhodes,CA,91706,8/14/2015 15:37,Huelva,España,15459,10.5,0.07,38633,49.97999954,3,149.9400024,139.4400024,O'Brien Men's Neoprene Life Vest,8/19/2015 15:37,Standard Class,1,kg
DEBIT,2,1,14.72000027,47.47999954,Late delivery,1,Indoor/Outdoor Games,Houston,EE. UU.,1498,Bray,TX,77084,08/06/2015 18:26,Altamura,Italia,14919,2.5,0.050000001,37354,49.97999954,1,49.97999954,47.47999954,O'Brien Men's Neoprene Life Vest,08/08/2015 18:26,First Class,1,kg
DEBIT,6,4,-117.2300034,159.9400024,Late delivery,1,Indoor/Outdoor Games,Murfreesboro,EE. UU.,7842,Smith,TN,37130,08/02/2015 11:26,Aix-en-Provence,Francia,14625,39.97999954,0.200000003,36583,49.97999954,4,199.9199982,159.9400024,O'Brien Men's Neoprene Life Vest,08/08/2015 11:26,Standard Class,1,kg
TRANSFER,3,4,34.00999832,125.9499969,Advance shipping,0,Indoor/Outdoor Games,Fort Lauderdale,EE. UU.,9253,Smith,FL,33313,7/27/2015 1:59,Alphen aan den Rijn,Países Bajos,14187,23.98999977,0.159999996,35512,49.97999954,3,149.9400024,125.9499969,O'Brien Men's Neoprene Life Vest,7/30/2015 1:59,Standard Class,1,kg
PAYMENT,6,2,82.76999664,179.9299927,Late delivery,1,Indoor/Outdoor Games,Caguas,Puerto Rico,3493,Simmons,PR,725,7/21/2015 17:24,Manchester,Reino Unido,13820,19.98999977,0.100000001,34621,49.97999954,4,199.9199982,179.9299927,O'Brien Men's Neoprene Life Vest,7/27/2015 17:24,Second Class,1,kg
PAYMENT,0,0,29.71999931,94.95999908,Shipping on time,0,Indoor/Outdoor Games,South Richmond Hill,EE. UU.,502,May,NY,11419,7/16/2015 2:10,Bournemouth,Reino Unido,13434,5,0.050000001,33663,49.97999954,2,99.95999908,94.95999908,O'Brien Men's Neoprene Life Vest,7/16/2015 14:10,Same Day,1,kg
PAYMENT,6,4,23.22999954,82.97000122,Late delivery,1,Indoor/Outdoor Games,Caguas,Puerto Rico,4597,Smith,PR,725,07/05/2015 12:31,London,Reino Unido,12710,16.98999977,0.170000002,31810,49.97999954,2,99.95999908,82.97000122,O'Brien Men's Neoprene Life Vest,07/11/2015 12:31,Standard Class,1,kg
TRANSFER,5,4,98.40000153,327.980011,Late delivery,1,Fishing,Caguas,Puerto Rico,11472,Case,PR,725,1/27/2017 5:25,Mejicanos,El Salvador,51874,72,0.180000007,129618,399.980011,1,399.980011,327.980011,Field & Stream Sportsman 16 Gun Fire Safe,02/01/2017 5:25,Standard Class,1,kg
PAYMENT,6,4,42.02999878,371.980011,Late delivery,1,Fishing,Caguas,Puerto Rico,477,Smith,PR,725,1/25/2017 11:43,Bogotá,Colombia,51755,28,0.07,129303,399.980011,1,399.980011,371.980011,Field & Stream Sportsman 16 Gun Fire Safe,1/31/2017 11:43,Standard Class,1,kg
TRANSFER,3,2,112.1900024,339.980011,Shipping canceled,0,Fishing,San Jose,EE. UU.,2917,Smith,CA,95125,1/25/2017 7:10,Mexico City,México,51742,60,0.150000006,129271,399.980011,1,399.980011,339.980011,Field & Stream Sportsman 16 Gun Fire Safe,1/28/2017 7:10,Second Class,1,kg
DEBIT,2,2,98.80000305,379.980011,Shipping on time,0,Fishing,Caguas,Puerto Rico,6355,Bradley,PR,725,1/15/2017 3:20,Denizli,Turquía,51046,20,0.050000001,127576,399.980011,1,399.980011,379.980011,Field & Stream Sportsman 16 Gun Fire Safe,1/17/2017 3:20,Second Class,1,kg
CASH,2,4,33,299.9899902,Advance shipping,0,Fishing,Caguas,Puerto Rico,9077,Smith,PR,725,12/18/2016 16:41,Arbil,Irak,49166,100,0.25,122943,399.980011,1,399.980011,299.9899902,Field & Stream Sportsman 16 Gun Fire Safe,12/20/2016 16:41,Standard Class,1,kg
DEBIT,3,4,-46.5,371.980011,Advance shipping,0,Fishing,Fresno,EE. UU.,974,Smith,CA,93727,12/13/2016 7:24,Kigali,Ruanda,48797,28,0.07,122043,399.980011,1,399.980011,371.980011,Field & Stream Sportsman 16 Gun Fire Safe,12/16/2016 7:24,Standard Class,1,kg
DEBIT,3,4,127.3899994,363.980011,Advance shipping,0,Fishing,Fresno,EE. UU.,974,Smith,CA,93727,12/13/2016 7:24,Kigali,Ruanda,48797,36,0.090000004,122042,399.980011,1,399.980011,363.980011,Field & Stream Sportsman 16 Gun Fire Safe,12/16/2016 7:24,Standard Class,1,kg
TRANSFER,2,4,178.5500031,371.980011,Advance shipping,0,Fishing,South El Monte,EE. UU.,5534,Smith,CA,91733,11/24/2016 5:51,Estambul,Turquía,47491,28,0.07,118725,399.980011,1,399.980011,371.980011,Field & Stream Sportsman 16 Gun Fire Safe,11/26/2016 5:51,Standard Class,1,kg
DEBIT,2,4,43.84000015,387.980011,Advance shipping,0,Fishing,Stamford,EE. UU.,11822,Smith,CT,6902,11/22/2016 11:49,Zanyán,Irán,47371,12,0.029999999,118437,399.980011,1,399.980011,387.980011,Field & Stream Sportsman 16 Gun Fire Safe,11/24/2016 11:49,Standard Class,1,kg
TRANSFER,6,4,81.90000153,363.980011,Late delivery,1,Fishing,Newark,EE. UU.,1447,Smith,DE,19702,11/19/2016 22:09,Bo,Sierra Leona,47195,36,0.090000004,117961,399.980011,1,399.980011,363.980011,Field & Stream Sportsman 16 Gun Fire Safe,11/25/2016 22:09,Standard Class,1,kg
CASH,2,4,37.20000076,371.980011,Advance shipping,0,Fishing,Caguas,Puerto Rico,1780,Sharp,PR,725,11/18/2016 0:57,Khomeynishahr,Irán,47066,28,0.07,117642,399.980011,1,399.980011,371.980011,Field & Stream Sportsman 16 Gun Fire Safe,11/20/2016 0:57,Standard Class,1,kg
CASH,2,4,109.1900024,363.980011,Advance shipping,0,Fishing,Caguas,Puerto Rico,1780,Sharp,PR,725,11/18/2016 0:57,Khomeynishahr,Irán,47066,36,0.090000004,117641,399.980011,1,399.980011,363.980011,Field & Stream Sportsman 16 Gun Fire Safe,11/20/2016 0:57,Standard Class,1,kg
PAYMENT,4,4,38.72000122,351.980011,Shipping on time,0,Fishing,Austin,EE. UU.,2130,Smith,TX,78745,11/14/2016 20:35,Cairo,Egipto,46848,48,0.119999997,117114,399.980011,1,399.980011,351.980011,Field & Stream Sportsman 16 Gun Fire Safe,11/18/2016 20:35,Standard Class,1,kg
DEBIT,2,4,29.39999962,391.980011,Advance shipping,0,Fishing,Los Angeles,EE. UU.,4221,Smith,CA,90003,11/11/2016 4:18,Kigali,Ruanda,46596,8,0.02,116457,399.980011,1,399.980011,391.980011,Field & Stream Sportsman 16 Gun Fire Safe,11/13/2016 4:18,Standard Class,1,kg
DEBIT,2,4,-1047.550049,387.980011,Advance shipping,0,Fishing,Los Angeles,EE. UU.,4221,Smith,CA,90003,11/11/2016 4:18,Kigali,Ruanda,46596,12,0.029999999,116456,399.980011,1,399.980011,387.980011,Field & Stream Sportsman 16 Gun Fire Safe,11/13/2016 4:18,Standard Class,1,kg
DEBIT,1,0,159.5899963,379.980011,Late delivery,1,Fishing,Caguas,Puerto Rico,10788,Prince,PR,725,11/02/2016 16:24,Ibadan,Nigeria,46014,20,0.050000001,115015,399.980011,1,399.980011,379.980011,Field & Stream Sportsman 16 Gun Fire Safe,11/03/2016 4:24,Same Day,1,kg
PAYMENT,6,2,42.70999908,377.980011,Late delivery,1,Fishing,Elmhurst,EE. UU.,2189,,IL,60126,10/11/2016 20:59,Pretoria,SudAfrica,44520,22,0.059999999,111157,399.980011,1,399.980011,377.980011,Field & Stream Sportsman 16 Gun Fire Safe,10/17/2016 20:59,Second Class,1,kg
DEBIT,2,1,-303.980011,379.980011,Late delivery,1,Fishing,Tucson,EE. UU.,4273,Osborne,AZ,85713,9/14/2016 15:56,Bugía,Argelia,42656,20,0.050000001,106472,399.980011,1,399.980011,379.980011,Field & Stream Sportsman 16 Gun Fire Safe,9/16/2016 15:56,First Class,1,kg
DEBIT,5,4,0,247.8200073,Late delivery,1,Consumer Electronics,Caguas,Puerto Rico,14412,Knapp,PR,725,10/31/2017 8:42,Viena,Austria,70859,5.059999943,0.02,174174,252.8800049,1,252.8800049,247.8200073,Industrial consumer electronics,11/05/2017 8:42,Standard Class,1,kg
DEBIT,4,4,13.43999958,95.98999786,Shipping on time,0,Cardio Equipment,Caguas,Puerto Rico,4374,Smith,PR,725,9/30/2016 23:16,Slupsk,Polonia,43773,4,0.039999999,109318,99.98999786,1,99.98999786,95.98999786,Nike Men's Free 5.0+ Running Shoe,10/04/2016 23:16,Standard Class,1,kg
DEBIT,4,4,-93.37999725,127.3899994,Shipping on time,0,Men's Footwear,Caguas,Puerto Rico,4374,Smith,PR,725,9/30/2016 23:16,Slupsk,Polonia,43773,2.599999905,0.02,109316,129.9900055,1,129.9900055,127.3899994,Nike Men's CJ Elite 2 TD Football Cleat,10/04/2016 23:16,Standard Class,1,kg
DEBIT,3,4,11.69999981,97.48999786,Advance shipping,0,Men's Footwear,Caguas,Puerto Rico,1989,Leach,PR,725,4/22/2017 15:59,Córdoba,México,57727,32.5,0.25,144419,129.9900055,1,129.9900055,97.48999786,Nike Men's CJ Elite 2 TD Football Cleat,4/25/2017 15:59,Standard Class,1,kg
DEBIT,2,4,36.95000076,105.5800018,Advance shipping,0,Cleats,Caguas,Puerto Rico,6316,Smith,PR,725,1/17/2016 12:15,Kukatpalli,India,26136,14.39999962,0.119999997,65429,59.99000168,2,119.9800034,105.5800018,Perfect Fitness Perfect Rip Deck,1/19/2016 12:15,Standard Class,1,kg
DEBIT,2,4,27.29999924,84,Advance shipping,0,Women's Apparel,Caguas,Puerto Rico,6316,Smith,PR,725,1/17/2016 12:15,Kukatpalli,India,26136,16,0.159999996,65428,50,2,100,84,Nike Men's Dri-FIT Victory Golf Polo,1/19/2016 12:15,Standard Class,1,kg
DEBIT,4,4,73.94000244,254.9700012,Shipping on time,0,Cardio Equipment,Caguas,Puerto Rico,4374,Smith,PR,725,9/30/2016 23:16,Slupsk,Polonia,43773,45,0.150000006,109317,99.98999786,3,299.9700012,254.9700012,Nike Men's Free 5.0+ Running Shoe,10/04/2016 23:16,Standard Class,1,kg
DEBIT,3,4,49.3199997,170.0700073,Advance shipping,0,Cleats,Caguas,Puerto Rico,1989,Leach,PR,725,4/22/2017 15:59,Córdoba,México,57727,9.899999619,0.059999999,144418,59.99000168,3,179.9700012,170.0700073,Perfect Fitness Perfect Rip Deck,4/25/2017 15:59,Standard Class,1,kg
DEBIT,3,4,15.35999966,153.5599976,Advance shipping,0,Shop By Sport,Caguas,Puerto Rico,1989,Leach,PR,725,4/22/2017 15:59,Córdoba,México,57727,6.400000095,0.039999999,144421,39.99000168,4,159.9600067,153.5599976,Under Armour Girls' Toddler Spine Surge Runni,4/25/2017 15:59,Standard Class,1,kg
DEBIT,2,4,-450.9700012,290.9500122,Advance shipping,0,Cleats,Caguas,Puerto Rico,6316,Smith,PR,725,1/17/2016 12:15,Kukatpalli,India,26136,9,0.029999999,65427,59.99000168,5,299.9500122,290.9500122,Perfect Fitness Perfect Rip Deck,1/19/2016 12:15,Standard Class,1,kg
DEBIT,4,4,-9.630000114,331.980011,Shipping on time,0,Fishing,Clarksville,EE. UU.,8090,Martinez,TN,37042,08/07/2016 7:14,Saint Louis,Estados Unidos,40028,68,0.170000002,99881,399.980011,1,399.980011,331.980011,Field & Stream Sportsman 16 Gun Fire Safe,08/11/2016 7:14,Standard Class,1,kg
TRANSFER,3,2,-127.9899979,319.980011,Late delivery,1,Fishing,Memphis,EE. UU.,1322,Williamson,TN,38128,6/18/2016 1:42,Houston,Estados Unidos,36587,80,0.200000003,91322,399.980011,1,399.980011,319.980011,Field & Stream Sportsman 16 Gun Fire Safe,6/21/2016 1:42,Second Class,1,kg
DEBIT,2,1,39.77000046,351.980011,Late delivery,1,Fishing,Caguas,Puerto Rico,10638,Young,PR,725,4/17/2016 9:51,Toledo,Estados Unidos,32363,48,0.119999997,80940,399.980011,1,399.980011,351.980011,Field & Stream Sportsman 16 Gun Fire Safe,4/19/2016 9:51,First Class,1,kg
DEBIT,3,4,129.9900055,399.980011,Advance shipping,0,Fishing,Chandler,EE. UU.,7559,Bishop,AZ,85224,04/09/2016 22:49,Wilmington,Estados Unidos,31852,0,0,79598,399.980011,1,399.980011,399.980011,Field & Stream Sportsman 16 Gun Fire Safe,04/12/2016 22:49,Standard Class,1,kg
CASH,3,2,107.5100021,383.980011,Late delivery,1,Fishing,Plainfield,EE. UU.,9268,Roberson,IL,60544,04/01/2016 2:51,Wellington,Nueva Zelanda,31247,16,0.039999999,78101,399.980011,1,399.980011,383.980011,Field & Stream Sportsman 16 Gun Fire Safe,04/04/2016 2:51,Second Class,1,kg
TRANSFER,2,1,178.5899963,379.980011,Late delivery,1,Fishing,Caguas,Puerto Rico,5594,Davidson,PR,725,03/09/2016 9:22,Edogawa-ku,Japón,29690,20,0.050000001,74281,399.980011,1,399.980011,379.980011,Field & Stream Sportsman 16 Gun Fire Safe,03/11/2016 9:22,First Class,1,kg
PAYMENT,5,4,31.18000031,283.480011,Late delivery,1,Camping & Hiking,Caguas,Puerto Rico,7190,Mckinney,PR,725,10/28/2015 16:23,Yakarta,Indonesia,20599,16.5,0.059999999,51467,299.980011,1,299.980011,283.480011,Diamondback Women's Serene Classic Comfort Bi,11/02/2015 16:23,Standard Class,1,kg
PAYMENT,4,4,0.589999974,49.18999863,Shipping on time,0,Cleats,Caguas,Puerto Rico,11297,Ho,PR,725,7/23/2016 2:52,Suffolk,Estados Unidos,38988,10.80000019,0.180000007,97330,59.99000168,1,59.99000168,49.18999863,Perfect Fitness Perfect Rip Deck,7/27/2016 2:52,Standard Class,1,kg
PAYMENT,5,4,31.62000084,93,Late delivery,1,Women's Apparel,Caguas,Puerto Rico,9087,Smith,PR,725,09/09/2016 2:06,Hurghada,Egipto,42274,7,0.07,105542,50,2,100,93,Nike Men's Dri-FIT Victory Golf Polo,9/14/2016 2:06,Standard Class,1,kg
PAYMENT,2,4,2.339999914,179.9799957,Advance shipping,0,Cardio Equipment,Caguas,Puerto Rico,12409,Mccann,PR,725,1/25/2017 22:35,Cienfuegos,Cuba,51786,20,0.100000001,129388,99.98999786,2,199.9799957,179.9799957,Nike Men's Free 5.0+ Running Shoe,1/27/2017 22:35,Standard Class,1,kg
PAYMENT,2,4,31.23999977,111.5800018,Advance shipping,0,Cleats,Caguas,Puerto Rico,11591,Alexander,PR,725,06/05/2017 12:25,Portmore,Jamaica,60731,8.399999619,0.07,151988,59.99000168,2,119.9800034,111.5800018,Perfect Fitness Perfect Rip Deck,06/07/2017 12:25,Standard Class,1,kg
PAYMENT,2,4,28.21999931,78.37999725,Advance shipping,0,Shop By Sport,Caguas,Puerto Rico,7158,Todd,PR,725,12/24/2015 6:40,Semarang,Indonesia,24476,1.600000024,0.02,61254,39.99000168,2,79.98000336,78.37999725,Under Armour Girls' Toddler Spine Surge Runni,12/26/2015 6:40,Standard Class,1,kg
PAYMENT,4,4,42.33000183,117.5800018,Shipping on time,0,Cleats,Caguas,Puerto Rico,11297,Ho,PR,725,7/23/2016 2:52,Suffolk,Estados Unidos,38988,2.400000095,0.02,97332,59.99000168,2,119.9800034,117.5800018,Perfect Fitness Perfect Rip Deck,7/27/2016 2:52,Standard Class,1,kg
PAYMENT,4,4,48.88000107,116.3799973,Shipping on time,0,Cleats,Caguas,Puerto Rico,11297,Ho,PR,725,7/23/2016 2:52,Suffolk,Estados Unidos,38988,3.599999905,0.029999999,97331,59.99000168,2,119.9800034,116.3799973,Perfect Fitness Perfect Rip Deck,7/27/2016 2:52,Standard Class,1,kg
PAYMENT,3,4,7.199999809,95.98000336,Advance shipping,0,Cleats,Caguas,Puerto Rico,1619,Smith,PR,725,12/13/2016 12:40,Regina,Canada,48812,24,0.200000003,122074,59.99000168,2,119.9800034,95.98000336,Perfect Fitness Perfect Rip Deck,12/16/2016 12:40,Standard Class,1,kg
PAYMENT,6,4,-87.94000244,119.9700012,Late delivery,1,Shop By Sport,Caguas,Puerto Rico,4597,Smith,PR,725,07/05/2015 12:31,London,Reino Unido,12710,0,0,31808,39.99000168,3,119.9700012,119.9700012,Under Armour Girls' Toddler Spine Surge Runni,07/11/2015 12:31,Standard Class,1,kg
PAYMENT,2,4,70.41999817,224.9799957,Advance shipping,0,Cardio Equipment,Caguas,Puerto Rico,12409,Mccann,PR,725,1/25/2017 22:35,Cienfuegos,Cuba,51786,74.98999786,0.25,129386,99.98999786,3,299.9700012,224.9799957,Nike Men's Free 5.0+ Running Shoe,1/27/2017 22:35,Standard Class,1,kg
PAYMENT,3,4,-60.70000076,284.9700012,Advance shipping,0,Cardio Equipment,Caguas,Puerto Rico,1619,Smith,PR,725,12/13/2016 12:40,Regina,Canada,48812,15,0.050000001,122073,99.98999786,3,299.9700012,284.9700012,Nike Men's Free 5.0+ Running Shoe,12/16/2016 12:40,Standard Class,1,kg
PAYMENT,2,4,95.19000244,339.9700012,Advance shipping,0,Cardio Equipment,Caguas,Puerto Rico,2277,Arnold,PR,725,5/18/2015 3:29,Santiago de Cuba,Cuba,9396,59.99000168,0.150000006,23449,99.98999786,4,399.9599915,339.9700012,Nike Men's Free 5.0+ Running Shoe,5/20/2015 3:29,Standard Class,1,kg
PAYMENT,2,4,-60.47000122,201.5700073,Advance shipping,0,Cleats,Caguas,Puerto Rico,2277,Arnold,PR,725,5/18/2015 3:29,Santiago de Cuba,Cuba,9396,38.38999939,0.159999996,23446,59.99000168,4,239.9600067,201.5700073,Perfect Fitness Perfect Rip Deck,5/20/2015 3:29,Standard Class,1,kg
PAYMENT,6,4,73.69000244,199.1699982,Late delivery,1,Cleats,Caguas,Puerto Rico,9749,Mcguire,PR,725,3/30/2016 18:38,Cessnock,Australia,31155,40.79000092,0.170000002,77864,59.99000168,4,239.9600067,199.1699982,Perfect Fitness Perfect Rip Deck,04/05/2016 18:38,Standard Class,1,kg
PAYMENT,6,4,64.93000031,196.7700043,Late delivery,1,Cleats,Caguas,Puerto Rico,9749,Mcguire,PR,725,3/30/2016 18:38,Cessnock,Australia,31155,43.18999863,0.180000007,77863,59.99000168,4,239.9600067,196.7700043,Perfect Fitness Perfect Rip Deck,04/05/2016 18:38,Standard Class,1,kg
PAYMENT,5,4,104.4000015,217.5,Late delivery,1,Women's Apparel,Caguas,Puerto Rico,9087,Smith,PR,725,09/09/2016 2:06,Hurghada,Egipto,42274,32.5,0.129999995,105541,50,5,250,217.5,Nike Men's Dri-FIT Victory Golf Polo,9/14/2016 2:06,Standard Class,1,kg
TRANSFER,2,1,50.36000061,122.8399963,Late delivery,1,Men's Footwear,Caguas,Puerto Rico,5624,Mata,PR,725,8/27/2016 1:57,Riyadh,Arabia Saudí,41383,7.150000095,0.059999999,103293,129.9900055,1,129.9900055,122.8399963,Nike Men's CJ Elite 2 TD Football Cleat,8/29/2016 1:57,First Class,1,kg
TRANSFER,2,1,15.84000015,179.9799957,Late delivery,1,Cardio Equipment,Caguas,Puerto Rico,2365,Smith,PR,725,02/10/2016 18:52,Kupang,Indonesia,27799,20,0.100000001,69589,99.98999786,2,199.9799957,179.9799957,Nike Men's Free 5.0+ Running Shoe,02/12/2016 18:52,First Class,1,kg
TRANSFER,2,1,32.65000153,113.3799973,Late delivery,1,Cleats,Caguas,Puerto Rico,2365,Smith,PR,725,02/10/2016 18:52,Kupang,Indonesia,27799,6.599999905,0.059999999,69590,59.99000168,2,119.9800034,113.3799973,Perfect Fitness Perfect Rip Deck,02/12/2016 18:52,First Class,1,kg
TRANSFER,2,1,25.34000015,287.9700012,Late delivery,1,Cardio Equipment,Caguas,Puerto Rico,2365,Smith,PR,725,02/10/2016 18:52,Kupang,Indonesia,27799,12,0.039999999,69588,99.98999786,3,299.9700012,287.9700012,Nike Men's Free 5.0+ Running Shoe,02/12/2016 18:52,First Class,1,kg
TRANSFER,2,1,74.23999786,224.9799957,Late delivery,1,Cardio Equipment,Caguas,Puerto Rico,5624,Mata,PR,725,8/27/2016 1:57,Riyadh,Arabia Saudí,41383,74.98999786,0.25,103291,99.98999786,3,299.9700012,224.9799957,Nike Men's Free 5.0+ Running Shoe,8/29/2016 1:57,First Class,1,kg
TRANSFER,2,1,49.47000122,145.5,Late delivery,1,Women's Apparel,Caguas,Puerto Rico,5624,Mata,PR,725,8/27/2016 1:57,Riyadh,Arabia Saudí,41383,4.5,0.029999999,103290,50,3,150,145.5,Nike Men's Dri-FIT Victory Golf Polo,8/29/2016 1:57,First Class,1,kg
TRANSFER,2,1,-96.80000305,176,Late delivery,1,Women's Apparel,Caguas,Puerto Rico,2365,Smith,PR,725,02/10/2016 18:52,Kupang,Indonesia,27799,24,0.119999997,69592,50,4,200,176,Nike Men's Dri-FIT Victory Golf Polo,02/12/2016 18:52,First Class,1,kg
TRANSFER,2,1,77.98999786,239.9600067,Late delivery,1,Cleats,Caguas,Puerto Rico,5624,Mata,PR,725,8/27/2016 1:57,Riyadh,Arabia Saudí,41383,59.99000168,0.200000003,103289,59.99000168,5,299.9500122,239.9600067,Perfect Fitness Perfect Rip Deck,8/29/2016 1:57,First Class,1,kg
TRANSFER,2,1,-44.18000031,237.5,Late delivery,1,Women's Apparel,Caguas,Puerto Rico,2365,Smith,PR,725,02/10/2016 18:52,Kupang,Indonesia,27799,12.5,0.050000001,69591,50,5,250,237.5,Nike Men's Dri-FIT Victory Golf Polo,02/12/2016 18:52,First Class,1,kg
TRANSFER,2,2,7.329999924,118.2900009,Shipping on time,0,Men's Footwear,Caguas,Puerto Rico,9404,Harrington,PR,725,3/17/2016 10:25,Yakarta,Indonesia,30241,11.69999981,0.090000004,75562,129.9900055,1,129.9900055,118.2900009,Nike Men's CJ Elite 2 TD Football Cleat,3/19/2016 10:25,Second Class,1,kg
TRANSFER,2,2,93.88999939,299.980011,Shipping on time,0,Camping & Hiking,Caguas,Puerto Rico,9404,Harrington,PR,725,3/17/2016 10:25,Yakarta,Indonesia,30241,0,0,75563,299.980011,1,299.980011,299.980011,Diamondback Women's Serene Classic Comfort Bi,3/19/2016 10:25,Second Class,1,kg
TRANSFER,2,2,25.20000076,89.98999786,Shipping on time,0,Cleats,Caguas,Puerto Rico,12415,Smith,PR,725,9/30/2015 7:40,Saint-Quentin,Francia,18656,30,0.25,46630,59.99000168,2,119.9800034,89.98999786,Perfect Fitness Perfect Rip Deck,10/02/2015 7:40,Second Class,1,kg
TRANSFER,2,2,-2.470000029,85,Shipping on time,0,Women's Apparel,Caguas,Puerto Rico,12415,Smith,PR,725,9/30/2015 7:40,Saint-Quentin,Francia,18656,15,0.150000006,46631,50,2,100,85,Nike Men's Dri-FIT Victory Golf Polo,10/02/2015 7:40,Second Class,1,kg
TRANSFER,2,2,-22.79999924,200,Shipping on time,0,Women's Apparel,Caguas,Puerto Rico,9404,Harrington,PR,725,3/17/2016 10:25,Yakarta,Indonesia,30241,50,0.200000003,75561,50,5,250,200,Nike Men's Dri-FIT Victory Golf Polo,3/19/2016 10:25,Second Class,1,kg
TRANSFER,2,4,18.20000076,103.9899979,Shipping canceled,0,Men's Footwear,Caguas,Puerto Rico,11361,Kennedy,PR,725,9/25/2017 20:19,Euskirchen,Alemania,68426,26,0.200000003,171078,129.9900055,1,129.9900055,103.9899979,Nike Men's CJ Elite 2 TD Football Cleat,9/27/2017 20:19,Standard Class,1,kg
TRANSFER,2,4,95.83000183,263.980011,Shipping canceled,0,Camping & Hiking,Caguas,Puerto Rico,11361,Kennedy,PR,725,9/25/2017 20:19,Euskirchen,Alemania,68426,36,0.119999997,171079,299.980011,1,299.980011,263.980011,Diamondback Women's Serene Classic Comfort Bi,9/27/2017 20:19,Standard Class,1,kg
TRANSFER,2,4,103.8300018,346.1099854,Advance shipping,0,Crafts,Caguas,Puerto Rico,14754,Knox,PR,725,11/05/2017 8:31,Berlín,Alemania,71201,115.3700027,0.25,174516,461.480011,1,461.480011,346.1099854,Porcelain crafts,11/07/2017 8:31,Standard Class,1,kg
TRANSFER,3,4,20.98999977,110.4899979,Advance shipping,0,Men's Footwear,Caguas,Puerto Rico,865,Smith,PR,725,06/01/2017 19:26,São Gonçalo,Brasil,60477,19.5,0.150000006,151350,129.9900055,1,129.9900055,110.4899979,Nike Men's CJ Elite 2 TD Football Cleat,06/04/2017 19:26,Standard Class,1,kg
TRANSFER,5,4,-55.27000046,293.980011,Late delivery,1,Camping & Hiking,Caguas,Puerto Rico,1473,Young,PR,725,01/06/2015 19:26,Córdoba,México,399,6,0.02,991,299.980011,1,299.980011,293.980011,Diamondback Women's Serene Classic Comfort Bi,01/11/2015 19:26,Standard Class,1,kg
TRANSFER,5,4,-92.13999939,339.980011,Late delivery,1,Fishing,Caguas,Puerto Rico,1473,Young,PR,725,01/06/2015 19:26,Córdoba,México,399,60,0.150000006,990,399.980011,1,399.980011,339.980011,Field & Stream Sportsman 16 Gun Fire Safe,01/11/2015 19:26,Standard Class,1,kg
TRANSFER,3,4,4.179999828,36.97000122,Shipping canceled,0,Video Games,Caguas,Puerto Rico,20290,Lamb,PR,725,1/25/2018 4:02,Ballarat,Australia,76737,2.779999971,0.07,180052,39.75,1,39.75,36.97000122,Fighting video games,1/28/2018 4:02,Standard Class,1,kg
TRANSFER,2,4,21.37000084,284.980011,Advance shipping,0,Camping & Hiking,Caguas,Puerto Rico,7200,Smith,PR,725,12/19/2015 21:34,Guwahati,India,24176,15,0.050000001,60484,299.980011,1,299.980011,284.980011,Diamondback Women's Serene Classic Comfort Bi,12/21/2015 21:34,Standard Class,1,kg
TRANSFER,3,4,100.7900009,251.9799957,Advance shipping,0,Camping & Hiking,Caguas,Puerto Rico,1117,Maddox,PR,725,12/23/2015 17:01,Bacolod City,Filipinas,24437,48,0.159999996,61143,299.980011,1,299.980011,251.9799957,Diamondback Women's Serene Classic Comfort Bi,12/26/2015 17:01,Standard Class,1,kg
TRANSFER,5,4,91.77999878,252.8300018,Late delivery,1,Music,Caguas,Puerto Rico,16167,Barker,PR,725,11/25/2017 23:34,Armidale,Australia,72614,7.820000172,0.029999999,175929,260.6499939,1,260.6499939,252.8300018,Rock music,11/30/2017 23:34,Standard Class,1,kg
TRANSFER,4,4,32.66999817,104.3799973,Shipping on time,0,Cleats,Caguas,Puerto Rico,11420,Smith,PR,725,05/08/2015 7:42,Sahuayo de José María Morelos,México,8723,15.60000038,0.129999995,21760,59.99000168,2,119.9800034,104.3799973,Perfect Fitness Perfect Rip Deck,05/12/2015 7:42,Standard Class,1,kg
TRANSFER,3,4,86.16999817,226.7700043,Advance shipping,0,Boxing & MMA,Caguas,Puerto Rico,865,Smith,PR,725,06/01/2017 19:26,São Gonçalo,Brasil,60477,43.20000076,0.159999996,151349,89.98999786,3,269.9700012,226.7700043,Brooks Women's Ghost 6 Running Shoe,06/04/2017 19:26,Standard Class,1,kg
TRANSFER,2,4,41.83000183,149.3800049,Advance shipping,0,Cleats,Caguas,Puerto Rico,9421,Lynch,PR,725,02/11/2016 4:20,Bangkok,Tailandia,27826,30.59000015,0.170000002,69659,59.99000168,3,179.9700012,149.3800049,Perfect Fitness Perfect Rip Deck,2/13/2016 4:20,Standard Class,1,kg
TRANSFER,2,4,36,359.9599915,Advance shipping,0,Cardio Equipment,Caguas,Puerto Rico,4146,Brock,PR,725,08/03/2017 18:49,Courbevoie,Francia,64791,40,0.100000001,161947,99.98999786,4,399.9599915,359.9599915,Nike Men's Free 5.0+ Running Shoe,08/05/2017 18:49,Standard Class,1,kg
TRANSFER,3,4,118.7900009,395.9599915,Advance shipping,0,Cardio Equipment,Caguas,Puerto Rico,865,Smith,PR,725,06/01/2017 19:26,São Gonçalo,Brasil,60477,4,0.01,151351,99.98999786,4,399.9599915,395.9599915,Nike Men's Free 5.0+ Running Shoe,06/04/2017 19:26,Standard Class,1,kg
DEBIT,5,4,3.630000114,11.18000031,Late delivery,1,CDs ,Columbus,EE. UU.,12867,Palmer,OH,43207,10/08/2017 19:25,Doncaster,Reino Unido,69314,0.109999999,0.01,172629,11.28999996,1,11.28999996,11.18000031,CDs of rock,10/13/2017 19:25,Standard Class,1,kg
DEBIT,6,4,-56,319.980011,Late delivery,1,Fishing,Reseda,EE. UU.,4676,Randolph,CA,91335,9/14/2015 21:42,Drancy,Francia,17600,80,0.200000003,43999,399.980011,1,399.980011,319.980011,Field & Stream Sportsman 16 Gun Fire Safe,9/20/2015 21:42,Standard Class,500,g
DEBIT,3,4,28.38999939,109.1900024,Advance shipping,0,Men's Footwear,Cerritos,EE. UU.,8948,Smith,CA,90703,5/25/2015 2:15,Santo Domingo,República Dominicana,9872,20.79999924,0.159999996,24649,129.9900055,1,129.9900055,109.1900024,Nike Men's CJ Elite 2 TD Football Cleat,5/28/2015 2:15,Standard Class,1,kg
DEBIT,4,4,17.37000084,106.5899963,Shipping on time,0,Men's Footwear,Brooklyn,EE. UU.,9695,Cruz,NY,11216,1/26/2015 19:03,Vitória da Conquista,Brasil,1768,23.39999962,0.180000007,4405,129.9900055,1,129.9900055,106.5899963,Nike Men's CJ Elite 2 TD Football Cleat,1/30/2015 19:03,Standard Class,1,kg
DEBIT,2,4,61.20000076,254.9799957,Advance shipping,0,Camping & Hiking,Norfolk,EE. UU.,7922,Smith,VA,23503,03/02/2015 22:41,Tlaquepaque,México,4176,45,0.150000006,10428,299.980011,1,299.980011,254.9799957,Diamondback Women's Serene Classic Comfort Bi,03/04/2015 22:41,Standard Class,1,kg
DEBIT,5,4,8.569999695,50.38999939,Late delivery,1,Cleats,Brooklyn,EE. UU.,3622,Stanley,NY,11204,1/18/2016 20:50,Kota Kinabalu,Malasia,26229,9.600000381,0.159999996,65647,59.99000168,1,59.99000168,50.38999939,Perfect Fitness Perfect Rip Deck,1/23/2016 20:50,Standard Class,1,kg
DEBIT,5,4,51.15999985,106.5899963,Late delivery,1,Men's Footwear,Brooklyn,EE. UU.,3622,Stanley,NY,11204,1/18/2016 20:50,Kota Kinabalu,Malasia,26229,23.39999962,0.180000007,65649,129.9900055,1,129.9900055,106.5899963,Nike Men's CJ Elite 2 TD Football Cleat,1/23/2016 20:50,Standard Class,1,kg
DEBIT,5,4,136.7899933,284.980011,Late delivery,1,Camping & Hiking,Brooklyn,EE. UU.,3622,Stanley,NY,11204,1/18/2016 20:50,Kota Kinabalu,Malasia,26229,15,0.050000001,65648,299.980011,1,299.980011,284.980011,Diamondback Women's Serene Classic Comfort Bi,1/23/2016 20:50,Standard Class,1,kg
DEBIT,6,4,34.74000168,70.90000153,Late delivery,1,Pet Supplies,Brooklyn,EE. UU.,16598,Yang,NY,11237,12/02/2017 6:34,Geelong,Australia,73045,13.5,0.159999996,176360,84.40000153,1,84.40000153,70.90000153,Adult dog supplies,12/08/2017 6:34,Standard Class,1,kg
DEBIT,6,4,32.45000076,124.7900009,Late delivery,1,Men's Footwear,Chicago,EE. UU.,7108,Smith,IL,60618,04/09/2016 4:36,Parker,Estados Unidos,31800,5.199999809,0.039999999,79460,129.9900055,1,129.9900055,124.7900009,Nike Men's CJ Elite 2 TD Football Cleat,4/15/2016 4:36,Standard Class,1,kg
DEBIT,4,4,62.38999939,191.9799957,Shipping on time,0,Cardio Equipment,Brooklyn,EE. UU.,9695,Cruz,NY,11216,1/26/2015 19:03,Vitória da Conquista,Brasil,1768,8,0.039999999,4404,99.98999786,2,199.9799957,191.9799957,Nike Men's Free 5.0+ Running Shoe,1/30/2015 19:03,Standard Class,1,kg
DEBIT,2,4,10.57999992,37.77999878,Advance shipping,0,Golf Balls,Norfolk,EE. UU.,7922,Smith,VA,23503,03/02/2015 22:41,Tlaquepaque,México,4176,2.200000048,0.059999999,10429,19.98999977,2,39.97999954,37.77999878,Glove It Women's Mod Oval Golf Glove,03/04/2015 22:41,Standard Class,1,kg
DEBIT,6,4,84.58999634,179.9799957,Late delivery,1,Cardio Equipment,Chicago,EE. UU.,7108,Smith,IL,60618,04/09/2016 4:36,Parker,Estados Unidos,31800,20,0.100000001,79461,99.98999786,2,199.9799957,179.9799957,Nike Men's Free 5.0+ Running Shoe,4/15/2016 4:36,Standard Class,1,kg
DEBIT,6,4,20.15999985,144,Late delivery,1,Women's Apparel,Brooklyn,EE. UU.,8099,Sosa,NY,11234,06/01/2015 15:43,Rugby,Reino Unido,10390,6,0.039999999,26023,50,3,150,144,Nike Men's Dri-FIT Victory Golf Polo,06/07/2015 15:43,Standard Class,1,kg
DEBIT,6,4,40.08000183,81.80000305,Late delivery,1,Trade-In,Chicago,EE. UU.,7108,Smith,IL,60618,04/09/2016 4:36,Parker,Estados Unidos,31800,6.159999847,0.07,79462,21.98999977,4,87.95999908,81.80000305,Glove It Women's Mod Oval 3-Zip Carry All Gol,4/15/2016 4:36,Standard Class,1,kg
DEBIT,3,4,13.5,449.9599915,Advance shipping,0,Cardio Equipment,Cerritos,EE. UU.,8948,Smith,CA,90703,5/25/2015 2:15,Santo Domingo,República Dominicana,9872,50,0.100000001,24648,99.98999786,5,499.9500122,449.9599915,Nike Men's Free 5.0+ Running Shoe,5/28/2015 2:15,Standard Class,1,kg
PAYMENT,0,0,51.3199997,109.1900024,Shipping on time,0,Men's Footwear,South Richmond Hill,EE. UU.,502,May,NY,11419,7/16/2015 2:10,Bournemouth,Reino Unido,13434,20.79999924,0.159999996,33664,129.9900055,1,129.9900055,109.1900024,Nike Men's CJ Elite 2 TD Football Cleat,7/16/2015 14:10,Same Day,1,kg
PAYMENT,0,0,-13.48999977,107.8899994,Shipping on time,0,Men's Footwear,South Richmond Hill,EE. UU.,502,May,NY,11419,7/16/2015 2:10,Bournemouth,Reino Unido,13434,22.10000038,0.170000002,33662,129.9900055,1,129.9900055,107.8899994,Nike Men's CJ Elite 2 TD Football Cleat,7/16/2015 14:10,Same Day,1,kg
PAYMENT,0,0,7.21999979,38.38999939,Shipping on time,0,Shop By Sport,South Richmond Hill,EE. UU.,502,May,NY,11419,7/16/2015 2:10,Bournemouth,Reino Unido,13434,1.600000024,0.039999999,33661,39.99000168,1,39.99000168,38.38999939,Under Armour Girls' Toddler Spine Surge Runni,7/16/2015 14:10,Same Day,1,kg
PAYMENT,0,0,17.88999939,39.75,Shipping on time,0,Video Games,Brooklyn,EE. UU.,20009,Powell,NY,11230,1/21/2018 1:35,Melbourne,Australia,76456,0,0,179771,39.75,1,39.75,39.75,Fighting video games,1/21/2018 13:35,Same Day,1,kg
PAYMENT,1,0,39,150,Late delivery,1,Women's Apparel,Chicago,EE. UU.,3577,Martin,IL,60649,01/04/2017 17:11,Baku,Azerbaiyán,50332,0,0,125763,50,3,150,150,Nike Men's Dri-FIT Victory Golf Polo,01/05/2017 5:11,Same Day,1,kg
PAYMENT,0,0,75.66000366,175.9600067,Shipping on time,0,Shop By Sport,South Richmond Hill,EE. UU.,502,May,NY,11419,7/16/2015 2:10,Bournemouth,Reino Unido,13434,23.98999977,0.119999997,33665,39.99000168,5,199.9499969,175.9600067,Under Armour Girls' Toddler Spine Surge Runni,7/16/2015 14:10,Same Day,1,kg
PAYMENT,6,4,-60.47000122,201.5700073,Late delivery,1,Cleats,North Las Vegas,EE. UU.,9709,Sharp,NV,89030,9/25/2017 2:27,Berlín,Alemania,68375,38.38999939,0.159999996,170944,59.99000168,4,239.9600067,201.5700073,Perfect Fitness Perfect Rip Deck,10/01/2017 2:27,Standard Class,1,kg
PAYMENT,6,4,95.59999847,199.1699982,Late delivery,1,Cleats,North Las Vegas,EE. UU.,9709,Sharp,NV,89030,9/25/2017 2:27,Berlín,Alemania,68375,40.79000092,0.170000002,170943,59.99000168,4,239.9600067,199.1699982,Perfect Fitness Perfect Rip Deck,10/01/2017 2:27,Standard Class,1,kg
TRANSFER,2,1,-62.49000168,335.980011,Late delivery,1,Fishing,Lancaster,EE. UU.,10981,Smith,CA,93535,5/22/2015 15:02,Bayeux,Brasil,9703,64,0.159999996,24237,399.980011,1,399.980011,335.980011,Field & Stream Sportsman 16 Gun Fire Safe,5/24/2015 15:02,First Class,1,kg
TRANSFER,2,1,-341.4599915,232.7599945,Late delivery,1,Cleats,Vacaville,EE. UU.,2754,Rich,CA,95687,9/23/2016 5:56,Randfontein,SudAfrica,43244,7.199999809,0.029999999,108026,59.99000168,4,239.9600067,232.7599945,Perfect Fitness Perfect Rip Deck,9/25/2016 5:56,First Class,1,kg
TRANSFER,2,2,13.5,29.98999977,Shipping on time,0,Shop By Sport,New York,EE. UU.,9115,Clayton,NY,10028,2/24/2017 6:47,Madero,México,53796,10,0.25,134490,39.99000168,1,39.99000168,29.98999977,Under Armour Girls' Toddler Spine Surge Runni,2/26/2017 6:47,Second Class,1,kg
TRANSFER,4,2,6.139999866,165.9600067,Late delivery,1,Shop By Sport,Bayonne,EE. UU.,11651,Camacho,NJ,7002,5/25/2015 13:06,Itapecuru Mirim,Brasil,9903,33.99000168,0.170000002,24730,39.99000168,5,199.9499969,165.9600067,Under Armour Girls' Toddler Spine Surge Runni,5/29/2015 13:06,Second Class,1,kg
TRANSFER,3,4,54.90999985,124.7900009,Advance shipping,0,Men's Footwear,Granite City,EE. UU.,8871,Smith,IL,62040,06/04/2015 7:29,Sant Boi de Llobregat,España,10572,5.199999809,0.039999999,26470,129.9900055,1,129.9900055,124.7900009,Nike Men's CJ Elite 2 TD Football Cleat,06/07/2015 7:29,Standard Class,1,kg
TRANSFER,3,4,2.700000048,43.5,Advance shipping,0,Women's Apparel,Granite City,EE. UU.,8871,Smith,IL,62040,06/04/2015 7:29,Sant Boi de Llobregat,España,10572,6.5,0.129999995,26469,50,1,50,43.5,Nike Men's Dri-FIT Victory Golf Polo,06/07/2015 7:29,Standard Class,1,kg
TRANSFER,4,4,7.369999886,116.9899979,Shipping on time,0,Men's Footwear,Poway,EE. UU.,10580,Smith,CA,92064,11/18/2015 4:16,Pekalongan,Indonesia,22003,13,0.100000001,55034,129.9900055,1,129.9900055,116.9899979,Nike Men's CJ Elite 2 TD Football Cleat,11/22/2015 4:16,Standard Class,1,kg
TRANSFER,3,4,2.380000114,38.38999939,Advance shipping,0,Shop By Sport,Elyria,EE. UU.,3741,Johnson,OH,44035,9/22/2016 11:43,Ahvaz,Irán,43192,1.600000024,0.039999999,107894,39.99000168,1,39.99000168,38.38999939,Under Armour Girls' Toddler Spine Surge Runni,9/25/2016 11:43,Standard Class,1,kg
TRANSFER,5,4,6.039999962,23.23999977,Late delivery,1,Lacrosse,Lewisville,EE. UU.,6349,Smith,TX,75067,5/25/2016 3:50,Detroit,Estados Unidos,34949,1.75,0.07,87315,24.98999977,250,24.98999977,23.23999977,Under Armour Men's Tech II T-Shirt,5/30/2016 3:50,Standard Class,1,kg
TRANSFER,5,4,46.79999924,97.48999786,Late delivery,1,Men's Footwear,Lewisville,EE. UU.,6349,Smith,TX,75067,5/25/2016 3:50,Detroit,Estados Unidos,34949,32.5,0.25,87316,129.9900055,1,129.9900055,97.48999786,Nike Men's CJ Elite 2 TD Football Cleat,5/30/2016 3:50,Standard Class,1,kg
TRANSFER,6,4,102.8899994,293.980011,Late delivery,1,Camping & Hiking,Fremont,EE. UU.,3835,Smith,CA,94538,4/20/2016 22:38,Pasadena,Estados Unidos,32605,6,0.02,81559,299.980011,1,299.980011,293.980011,Diamondback Women's Serene Classic Comfort Bi,4/26/2016 22:38,Standard Class,1,kg
TRANSFER,3,4,34.11000061,106.5899963,Shipping canceled,0,Men's Footwear,Newburgh,EE. UU.,5897,Griffin,NY,12550,5/16/2016 22:56,Newark,Estados Unidos,34387,23.39999962,0.180000007,85910,129.9900055,1,129.9900055,106.5899963,Nike Men's CJ Elite 2 TD Football Cleat,5/19/2016 22:56,Standard Class,1,kg
TRANSFER,3,4,98.38999939,239.9799957,Shipping canceled,0,Camping & Hiking,Newburgh,EE. UU.,5897,Griffin,NY,12550,5/16/2016 22:56,Newark,Estados Unidos,34387,60,0.200000003,85911,299.980011,1,299.980011,239.9799957,Diamondback Women's Serene Classic Comfort Bi,5/19/2016 22:56,Standard Class,1,kg
TRANSFER,3,4,62.86000061,185.9799957,Advance shipping,0,Cardio Equipment,Walnut,EE. UU.,2322,Smith,CA,91789,9/24/2016 14:31,Dar Chioukh,Argelia,43337,14,0.07,108267,99.98999786,2,199.9799957,185.9799957,Nike Men's Free 5.0+ Running Shoe,9/27/2016 14:31,Standard Class,1,kg
TRANSFER,3,4,-31.68000031,65.58000183,Advance shipping,0,Shop By Sport,Walnut,EE. UU.,2322,Smith,CA,91789,9/24/2016 14:31,Dar Chioukh,Argelia,43337,14.39999962,0.180000007,108266,39.99000168,2,79.98000336,65.58000183,Under Armour Girls' Toddler Spine Surge Runni,9/27/2016 14:31,Standard Class,1,kg
TRANSFER,5,4,29.70000076,118.7799988,Late delivery,1,Cleats,Lewisville,EE. UU.,6349,Smith,TX,75067,5/25/2016 3:50,Detroit,Estados Unidos,34949,1.200000048,0.01,87314,59.99000168,2,119.9800034,118.7799988,Perfect Fitness Perfect Rip Deck,5/30/2016 3:50,Standard Class,1,kg
TRANSFER,3,4,95.80999756,283.4700012,Advance shipping,0,Cardio Equipment,Walnut,EE. UU.,2322,Smith,CA,91789,9/24/2016 14:31,Dar Chioukh,Argelia,43337,16.5,0.059999999,108268,99.98999786,3,299.9700012,283.4700012,Nike Men's Free 5.0+ Running Shoe,9/27/2016 14:31,Standard Class,1,kg
TRANSFER,3,4,12.44999981,150,Advance shipping,0,Women's Apparel,Walnut,EE. UU.,2322,Smith,CA,91789,9/24/2016 14:31,Dar Chioukh,Argelia,43337,0,0,108270,50,3,150,150,Nike Men's Dri-FIT Victory Golf Polo,9/27/2016 14:31,Standard Class,1,kg
TRANSFER,2,4,11.34000015,179.9700012,Advance shipping,0,Cleats,Sugar Land,EE. UU.,3051,Johnson,TX,77478,06/03/2016 16:15,Seattle,Estados Unidos,35601,0,0,88896,59.99000168,3,179.9700012,179.9700012,Perfect Fitness Perfect Rip Deck,06/05/2016 16:15,Standard Class,1,kg
TRANSFER,6,4,56.84000015,156.5700073,Late delivery,1,Cleats,Fremont,EE. UU.,3835,Smith,CA,94538,4/20/2016 22:38,Pasadena,Estados Unidos,32605,23.39999962,0.129999995,81558,59.99000168,3,179.9700012,156.5700073,Perfect Fitness Perfect Rip Deck,4/26/2016 22:38,Standard Class,1,kg
TRANSFER,3,4,41.84999847,135,Shipping canceled,0,Women's Apparel,Newburgh,EE. UU.,5897,Griffin,NY,12550,5/16/2016 22:56,Newark,Estados Unidos,34387,15,0.100000001,85909,50,3,150,135,Nike Men's Dri-FIT Victory Golf Polo,5/19/2016 22:56,Standard Class,1,kg
TRANSFER,2,4,81.94999695,178.1600037,Advance shipping,0,Tennis & Racquet,Sugar Land,EE. UU.,3051,Johnson,TX,77478,06/03/2016 16:15,Seattle,Estados Unidos,35601,1.799999952,0.01,88898,44.99000168,4,179.9600067,178.1600037,Nike Men's Comfort 2 Slide,06/05/2016 16:15,Standard Class,1,kg
TRANSFER,2,4,-73.65000153,395.9599915,Advance shipping,0,Cardio Equipment,Sugar Land,EE. UU.,3051,Johnson,TX,77478,06/03/2016 16:15,Seattle,Estados Unidos,35601,4,0.01,88899,99.98999786,4,399.9599915,395.9599915,Nike Men's Free 5.0+ Running Shoe,06/05/2016 16:15,Standard Class,1,kg
TRANSFER,2,4,23.51000023,156.7599945,Advance shipping,0,Shop By Sport,Sugar Land,EE. UU.,3051,Johnson,TX,77478,06/03/2016 16:15,Seattle,Estados Unidos,35601,3.200000048,0.02,88897,39.99000168,4,159.9600067,156.7599945,Under Armour Girls' Toddler Spine Surge Runni,06/05/2016 16:15,Standard Class,1,kg
TRANSFER,6,4,66.29000092,203.9700012,Late delivery,1,Cleats,Fremont,EE. UU.,3835,Smith,CA,94538,4/20/2016 22:38,Pasadena,Estados Unidos,32605,35.99000168,0.150000006,81557,59.99000168,4,239.9600067,203.9700012,Perfect Fitness Perfect Rip Deck,4/26/2016 22:38,Standard Class,1,kg
TRANSFER,4,4,-174,217.5,Shipping on time,0,Women's Apparel,Poway,EE. UU.,10580,Smith,CA,92064,11/18/2015 4:16,Pekalongan,Indonesia,22003,32.5,0.129999995,55035,50,5,250,217.5,Nike Men's Dri-FIT Victory Golf Polo,11/22/2015 4:16,Standard Class,1,kg
CASH,2,1,104.9899979,299.9899902,Late delivery,1,Fishing,Caguas,Puerto Rico,5566,Smith,PR,725,12/26/2015 17:11,Guangzhou,China,24643,100,0.25,61699,399.980011,1,399.980011,299.9899902,Field & Stream Sportsman 16 Gun Fire Safe,12/28/2015 17:11,First Class,1,kg
CASH,2,1,-4.809999943,166,Late delivery,1,Women's Apparel,Caguas,Puerto Rico,1110,Buchanan,PR,725,11/09/2016 4:39,Piotrkow Trybunalski,Polonia,46460,34,0.170000002,116164,50,4,200,166,Nike Men's Dri-FIT Victory Golf Polo,11/11/2016 4:39,First Class,1,kg
CASH,2,1,40.31000137,134.3600006,Late delivery,1,Electronics,Caguas,Puerto Rico,1110,Buchanan,PR,725,11/09/2016 4:39,Piotrkow Trybunalski,Polonia,46460,25.59000015,0.159999996,116163,31.98999977,5,159.9499969,134.3600006,Under Armour Women's Ignite Slide,11/11/2016 4:39,First Class,1,kg
CASH,6,2,152.7299957,324.9599915,Late delivery,1,Children's Clothing,Caguas,Puerto Rico,13853,Shannon,PR,725,10/23/2017 4:52,Tarbes,Francia,70300,32.13999939,0.090000004,173615,357.1000061,1,357.1000061,324.9599915,Children's heaters,10/29/2017 4:52,Second Class,1,kg
CASH,6,2,-71.80000305,151.1600037,Late delivery,1,Shop By Sport,Caguas,Puerto Rico,4191,Salazar,PR,725,7/18/2017 4:49,Amiens,Francia,63655,8.800000191,0.059999999,159117,39.99000168,4,159.9600067,151.1600037,Under Armour Girls' Toddler Spine Surge Runni,7/24/2017 4:49,Second Class,1,kg
CASH,2,4,28.27000046,97.48999786,Advance shipping,0,Men's Footwear,Caguas,Puerto Rico,9368,Cabrera,PR,725,04/11/2017 11:37,Carrefour,Haití,56961,32.5,0.25,142468,129.9900055,1,129.9900055,97.48999786,Nike Men's CJ Elite 2 TD Football Cleat,4/13/2017 11:37,Standard Class,1,kg
CASH,2,4,7.199999809,239.9799957,Advance shipping,0,Camping & Hiking,Caguas,Puerto Rico,9368,Cabrera,PR,725,04/11/2017 11:37,Carrefour,Haití,56961,60,0.200000003,142466,299.980011,1,299.980011,239.9799957,Diamondback Women's Serene Classic Comfort Bi,4/13/2017 11:37,Standard Class,1,kg
CASH,2,4,47.50999832,110.4899979,Advance shipping,0,Men's Footwear,Caguas,Puerto Rico,9077,Smith,PR,725,12/18/2016 16:41,Arbil,Irak,49166,19.5,0.150000006,122939,129.9900055,1,129.9900055,110.4899979,Nike Men's CJ Elite 2 TD Football Cleat,12/20/2016 16:41,Standard Class,1,kg
CASH,2,4,10.56000042,70.37999725,Advance shipping,0,Shop By Sport,Caguas,Puerto Rico,5834,Fernandez,PR,725,04/06/2015 13:00,Santa Ana,El Salvador,6546,9.600000381,0.119999997,16364,39.99000168,2,79.98000336,70.37999725,Under Armour Girls' Toddler Spine Surge Runni,04/08/2015 13:00,Standard Class,1,kg
CASH,6,4,34.00999832,161.9700012,Late delivery,1,Cleats,Caguas,Puerto Rico,12298,Harper,PR,725,4/15/2017 9:52,Guadalajara,México,57230,18,0.100000001,143151,59.99000168,3,179.9700012,161.9700012,Perfect Fitness Perfect Rip Deck,4/21/2017 9:52,Standard Class,1,kg
CASH,2,4,60.27000046,123,Advance shipping,0,Women's Apparel,Caguas,Puerto Rico,9077,Smith,PR,725,12/18/2016 16:41,Arbil,Irak,49166,27,0.180000007,122941,50,3,150,123,Nike Men's Dri-FIT Victory Golf Polo,12/20/2016 16:41,Standard Class,1,kg
CASH,2,4,-14.06000042,198,Advance shipping,0,Women's Apparel,Caguas,Puerto Rico,9077,Smith,PR,725,12/18/2016 16:41,Arbil,Irak,49166,2,0.01,122940,50,4,200,198,Nike Men's Dri-FIT Victory Golf Polo,12/20/2016 16:41,Standard Class,1,kg
CASH,6,4,28.5,284.9500122,Late delivery,1,Cleats,Caguas,Puerto Rico,12298,Harper,PR,725,4/15/2017 9:52,Guadalajara,México,57230,15,0.050000001,143150,59.99000168,5,299.9500122,284.9500122,Perfect Fitness Perfect Rip Deck,4/21/2017 9:52,Standard Class,1,kg
CASH,2,4,95.8199997,263.9599915,Advance shipping,0,Cleats,Caguas,Puerto Rico,9077,Smith,PR,725,12/18/2016 16:41,Arbil,Irak,49166,35.99000168,0.119999997,122942,59.99000168,5,299.9500122,263.9599915,Perfect Fitness Perfect Rip Deck,12/20/2016 16:41,Standard Class,1,kg
DEBIT,2,1,63.70000076,129.9900055,Late delivery,1,Men's Footwear,Bayamon,Puerto Rico,492,Mckinney,PR,957,12/23/2015 12:06,Melbourne,Australia,24423,0,0,61101,129.9900055,1,129.9900055,129.9900055,Nike Men's CJ Elite 2 TD Football Cleat,12/25/2015 12:06,First Class,1,kg
DEBIT,2,1,120.5299988,245.9799957,Late delivery,1,Camping & Hiking,Bayamon,Puerto Rico,492,Mckinney,PR,957,12/23/2015 12:06,Melbourne,Australia,24423,54,0.180000007,61100,299.980011,1,299.980011,245.9799957,Diamondback Women's Serene Classic Comfort Bi,12/25/2015 12:06,First Class,1,kg
DEBIT,2,1,19.39999962,193.9799957,Late delivery,1,Cardio Equipment,Caguas,Puerto Rico,8677,Mccoy,PR,725,9/21/2015 21:10,Villeneuve-sur-Lot,Francia,18078,6,0.029999999,45170,99.98999786,2,199.9799957,193.9799957,Nike Men's Free 5.0+ Running Shoe,9/23/2015 21:10,First Class,1,kg
DEBIT,2,1,29.47999954,77.58000183,Late delivery,1,Shop By Sport,Bayamon,Puerto Rico,492,Mckinney,PR,957,12/23/2015 12:06,Melbourne,Australia,24423,2.400000095,0.029999999,61097,39.99000168,2,79.98000336,77.58000183,Under Armour Girls' Toddler Spine Surge Runni,12/25/2015 12:06,First Class,1,kg
DEBIT,2,1,82.88999939,176.3699951,Late delivery,1,Cleats,Bayamon,Puerto Rico,492,Mckinney,PR,957,12/23/2015 12:06,Melbourne,Australia,24423,3.599999905,0.02,61098,59.99000168,3,179.9700012,176.3699951,Perfect Fitness Perfect Rip Deck,12/25/2015 12:06,First Class,1,kg
DEBIT,2,1,4.699999809,235.1600037,Late delivery,1,Cleats,Bayamon,Puerto Rico,492,Mckinney,PR,957,12/23/2015 12:06,Melbourne,Australia,24423,4.800000191,0.02,61099,59.99000168,4,239.9600067,235.1600037,Perfect Fitness Perfect Rip Deck,12/25/2015 12:06,First Class,1,kg
DEBIT,2,1,56.38999939,299.9500122,Late delivery,1,Cleats,Caguas,Puerto Rico,8677,Mccoy,PR,725,9/21/2015 21:10,Villeneuve-sur-Lot,Francia,18078,0,0,45171,59.99000168,5,299.9500122,299.9500122,Perfect Fitness Perfect Rip Deck,9/23/2015 21:10,First Class,1,kg
DEBIT,0,0,61.77000046,128.6900024,Shipping on time,0,Men's Footwear,Caguas,Puerto Rico,8645,Johnston,PR,725,04/04/2015 10:33,Chihuahua,México,6402,1.299999952,0.01,16027,129.9900055,1,129.9900055,128.6900024,Nike Men's CJ Elite 2 TD Football Cleat,04/04/2015 22:33,Same Day,1,kg
DEBIT,1,0,21.25,85,Late delivery,1,Women's Apparel,Caguas,Puerto Rico,10788,Prince,PR,725,11/02/2016 16:24,Ibadan,Nigeria,46014,15,0.150000006,115014,50,2,100,85,Nike Men's Dri-FIT Victory Golf Polo,11/03/2016 4:24,Same Day,1,kg
DEBIT,0,0,160.6999969,327.9700012,Shipping on time,0,Cardio Equipment,Caguas,Puerto Rico,8645,Johnston,PR,725,04/04/2015 10:33,Chihuahua,México,6402,71.98999786,0.180000007,16030,99.98999786,4,399.9599915,327.9700012,Nike Men's Free 5.0+ Running Shoe,04/04/2015 22:33,Same Day,1,kg
DEBIT,0,0,79.26999664,218.3600006,Shipping on time,0,Cleats,Caguas,Puerto Rico,8645,Johnston,PR,725,04/04/2015 10:33,Chihuahua,México,6402,21.60000038,0.090000004,16028,59.99000168,4,239.9600067,218.3600006,Perfect Fitness Perfect Rip Deck,04/04/2015 22:33,Same Day,1,kg
TRANSFER,3,4,19.38999939,193.9199982,Advance shipping,0,Indoor/Outdoor Games,Newark,EE. UU.,5941,Smith,OH,43055,6/17/2015 3:47,Cognac,Francia,11452,6,0.029999999,28649,49.97999954,4,199.9199982,193.9199982,O'Brien Men's Neoprene Life Vest,6/20/2015 3:47,Standard Class,1,kg
TRANSFER,3,4,61.22999954,244.8999939,Advance shipping,0,Indoor/Outdoor Games,Granite City,EE. UU.,8871,Smith,IL,62040,06/04/2015 7:29,Sant Boi de Llobregat,España,10572,5,0.02,26468,49.97999954,5,249.8999939,244.8999939,O'Brien Men's Neoprene Life Vest,06/07/2015 7:29,Standard Class,1,kg
DEBIT,2,4,11.82999992,45.47999954,Advance shipping,0,Indoor/Outdoor Games,Virginia Beach,EE. UU.,6056,Flores,VA,23464,5/25/2015 22:55,Soyapango,El Salvador,9931,4.5,0.090000004,24809,49.97999954,1,49.97999954,45.47999954,O'Brien Men's Neoprene Life Vest,5/27/2015 22:55,Standard Class,1,kg
DEBIT,2,4,-5,199.9199982,Advance shipping,0,Indoor/Outdoor Games,Virginia Beach,EE. UU.,6056,Flores,VA,23464,5/25/2015 22:55,Soyapango,El Salvador,9931,0,0,24806,49.97999954,4,199.9199982,199.9199982,O'Brien Men's Neoprene Life Vest,5/27/2015 22:55,Standard Class,1,kg
TRANSFER,6,4,49.97999954,199.9199982,Late delivery,1,Indoor/Outdoor Games,Dallas,EE. UU.,3022,Smith,TX,75216,5/22/2015 6:59,Juárez,México,9680,49.97999954,0.200000003,24172,49.97999954,5,249.8999939,199.9199982,O'Brien Men's Neoprene Life Vest,5/28/2015 6:59,Standard Class,1,kg
TRANSFER,6,4,70.52999878,143.9400024,Late delivery,1,Indoor/Outdoor Games,Dallas,EE. UU.,3022,Smith,TX,75216,5/22/2015 6:59,Juárez,México,9680,6,0.039999999,24171,49.97999954,3,149.9400024,143.9400024,O'Brien Men's Neoprene Life Vest,5/28/2015 6:59,Standard Class,1,kg
CASH,4,4,-9.039999962,79.97000122,Shipping on time,0,Indoor/Outdoor Games,Caguas,Puerto Rico,11784,Cunningham,PR,725,4/26/2015 11:55,Managua,Nicaragua,7913,19.98999977,0.200000003,19774,49.97999954,2,99.95999908,79.97000122,O'Brien Men's Neoprene Life Vest,4/30/2015 11:55,Standard Class,1,kg
PAYMENT,2,4,11.81000042,94.45999908,Advance shipping,0,Indoor/Outdoor Games,Vallejo,EE. UU.,8814,Sexton,CA,94591,4/19/2015 7:33,Carrefour,Haití,7421,5.5,0.059999999,18603,49.97999954,2,99.95999908,94.45999908,O'Brien Men's Neoprene Life Vest,4/21/2015 7:33,Standard Class,1,kg
CASH,3,4,29.32999992,179.9299927,Advance shipping,0,Indoor/Outdoor Games,Caguas,Puerto Rico,10074,Chen,PR,725,04/03/2015 8:16,Los Mochis,México,6327,19.98999977,0.100000001,15833,49.97999954,4,199.9199982,179.9299927,O'Brien Men's Neoprene Life Vest,04/06/2015 8:16,Standard Class,1,kg
CASH,3,4,-56.41999817,82.97000122,Advance shipping,0,Indoor/Outdoor Games,Caguas,Puerto Rico,10074,Chen,PR,725,04/03/2015 8:16,Los Mochis,México,6327,16.98999977,0.170000002,15832,49.97999954,2,99.95999908,82.97000122,O'Brien Men's Neoprene Life Vest,04/06/2015 8:16,Standard Class,1,kg
DEBIT,2,4,63.95000076,245.9600067,Advance shipping,0,Cleats,Los Angeles,EE. UU.,4221,Smith,CA,90003,11/11/2016 4:18,Kigali,Ruanda,46596,53.99000168,0.180000007,116458,59.99000168,5,299.9500122,245.9600067,Perfect Fitness Perfect Rip Deck,11/13/2016 4:18,Standard Class,1,kg
PAYMENT,2,4,-274.3900146,391.980011,Advance shipping,0,Fishing,Caguas,Puerto Rico,9676,Smith,PR,725,03/01/2016 16:02,Bangalore,India,29161,8,0.02,72963,399.980011,1,399.980011,391.980011,Field & Stream Sportsman 16 Gun Fire Safe,03/03/2016 16:02,Standard Class,1,kg
TRANSFER,2,4,121.7900009,347.980011,Shipping canceled,0,Fishing,Buffalo,EE. UU.,9579,White,NY,14221,2/25/2016 22:11,Darwin,Australia,28836,52,0.129999995,72148,399.980011,1,399.980011,347.980011,Field & Stream Sportsman 16 Gun Fire Safe,2/27/2016 22:11,Standard Class,1,kg
TRANSFER,2,4,34,339.980011,Shipping canceled,0,Fishing,Buffalo,EE. UU.,9579,White,NY,14221,2/25/2016 22:11,Darwin,Australia,28836,60,0.150000006,72147,399.980011,1,399.980011,339.980011,Field & Stream Sportsman 16 Gun Fire Safe,2/27/2016 22:11,Standard Class,1,kg
DEBIT,6,4,89.63999939,331.980011,Late delivery,1,Fishing,Far Rockaway,EE. UU.,5469,Bradley,NY,11691,2/23/2016 12:01,Anshan,China,28670,68,0.170000002,71760,399.980011,1,399.980011,331.980011,Field & Stream Sportsman 16 Gun Fire Safe,2/29/2016 12:01,Standard Class,1,kg
TRANSFER,2,4,28.35000038,377.980011,Advance shipping,0,Fishing,Caguas,Puerto Rico,9421,Lynch,PR,725,02/11/2016 4:20,Bangkok,Tailandia,27826,22,0.059999999,69658,399.980011,1,399.980011,377.980011,Field & Stream Sportsman 16 Gun Fire Safe,2/13/2016 4:20,Standard Class,1,kg
CASH,2,1,108.1699982,235.1600037,Late delivery,1,Cleats,Caguas,Puerto Rico,1001,Thomas,PR,725,9/23/2015 1:54,Turin,Italia,18160,4.800000191,0.02,45389,59.99000168,4,239.9600067,235.1600037,Perfect Fitness Perfect Rip Deck,9/25/2015 1:54,First Class,1,kg
PAYMENT,6,4,14.17000008,188.9900055,Late delivery,1,Water Sports,Mount Pleasant,EE. UU.,3334,Smith,MI,48858,9/21/2017 23:08,Biarritz,Francia,68160,11,0.059999999,170422,199.9900055,1,199.9900055,188.9900055,Pelican Sunstream 100 Kayak,9/27/2017 23:08,Standard Class,1,kg
PAYMENT,2,4,17.23999977,35.18999863,Advance shipping,0,Shop By Sport,Caguas,Puerto Rico,2277,Arnold,PR,725,5/18/2015 3:29,Santiago de Cuba,Cuba,9396,4.800000191,0.119999997,23450,39.99000168,1,39.99000168,35.18999863,Under Armour Girls' Toddler Spine Surge Runni,5/20/2015 3:29,Standard Class,1,kg
